#id,type,level,label,desc_label
1,1,1,MSG_QUIZ_JAPANESE_QUESTION_1,MSG_QUIZ_JAPANESE_QUESTION_DESCRIPTION_1
2,1,1,MSG_QUIZ_JAPANESE_QUESTION_2,MSG_QUIZ_JAPANESE_QUESTION_DESCRIPTION_2
3,1,1,MSG_QUIZ_JAPANESE_QUESTION_3,MSG_QUIZ_JAPANESE_QUESTION_DESCRIPTION_3
4,1,1,MSG_QUIZ_JAPANESE_QUESTION_4,MSG_QUIZ_JAPANESE_QUESTION_DESCRIPTION_4
5,1,1,MSG_QUIZ_JAPANESE_QUESTION_5,MSG_QUIZ_JAPANESE_QUESTION_DESCRIPTION_5
6,1,1,MSG_QUIZ_JAPANESE_QUESTION_6,MSG_QUIZ_JAPANESE_QUESTION_DESCRIPTION_6
7,1,1,MSG_QUIZ_JAPANESE_QUESTION_7,MSG_QUIZ_JAPANESE_QUESTION_DESCRIPTION_7
8,1,1,MSG_QUIZ_JAPANESE_QUESTION_8,MSG_QUIZ_JAPANESE_QUESTION_DESCRIPTION_8
9,1,1,MSG_QUIZ_JAPANESE_QUESTION_9,MSG_QUIZ_JAPANESE_QUESTION_DESCRIPTION_9
10,1,1,MSG_QUIZ_JAPANESE_QUESTION_10,MSG_QUIZ_JAPANESE_QUESTION_DESCRIPTION_10
11,1,1,MSG_QUIZ_JAPANESE_QUESTION_11,MSG_QUIZ_JAPANESE_QUESTION_DESCRIPTION_11
12,1,1,MSG_QUIZ_JAPANESE_QUESTION_12,MSG_QUIZ_JAPANESE_QUESTION_DESCRIPTION_12
13,1,1,MSG_QUIZ_JAPANESE_QUESTION_13,MSG_QUIZ_JAPANESE_QUESTION_DESCRIPTION_13
14,1,1,MSG_QUIZ_JAPANESE_QUESTION_14,MSG_QUIZ_JAPANESE_QUESTION_DESCRIPTION_14
15,1,1,MSG_QUIZ_JAPANESE_QUESTION_15,MSG_QUIZ_JAPANESE_QUESTION_DESCRIPTION_15
16,1,1,MSG_QUIZ_JAPANESE_QUESTION_16,MSG_QUIZ_JAPANESE_QUESTION_DESCRIPTION_16
17,1,1,MSG_QUIZ_JAPANESE_QUESTION_17,MSG_QUIZ_JAPANESE_QUESTION_DESCRIPTION_17
18,1,1,MSG_QUIZ_JAPANESE_QUESTION_18,MSG_QUIZ_JAPANESE_QUESTION_DESCRIPTION_18
19,1,1,MSG_QUIZ_JAPANESE_QUESTION_19,MSG_QUIZ_JAPANESE_QUESTION_DESCRIPTION_19
20,1,1,MSG_QUIZ_JAPANESE_QUESTION_20,MSG_QUIZ_JAPANESE_QUESTION_DESCRIPTION_20
21,1,1,MSG_QUIZ_JAPANESE_QUESTION_21,MSG_QUIZ_JAPANESE_QUESTION_DESCRIPTION_21
22,1,1,MSG_QUIZ_JAPANESE_QUESTION_22,MSG_QUIZ_JAPANESE_QUESTION_DESCRIPTION_22
23,1,1,MSG_QUIZ_JAPANESE_QUESTION_23,MSG_QUIZ_JAPANESE_QUESTION_DESCRIPTION_23
24,1,1,MSG_QUIZ_JAPANESE_QUESTION_24,MSG_QUIZ_JAPANESE_QUESTION_DESCRIPTION_24
25,1,1,MSG_QUIZ_JAPANESE_QUESTION_25,MSG_QUIZ_JAPANESE_QUESTION_DESCRIPTION_25
26,1,1,MSG_QUIZ_JAPANESE_QUESTION_26,MSG_QUIZ_JAPANESE_QUESTION_DESCRIPTION_26
27,1,1,MSG_QUIZ_JAPANESE_QUESTION_27,MSG_QUIZ_JAPANESE_QUESTION_DESCRIPTION_27
28,1,1,MSG_QUIZ_JAPANESE_QUESTION_28,MSG_QUIZ_JAPANESE_QUESTION_DESCRIPTION_28
29,1,1,MSG_QUIZ_JAPANESE_QUESTION_29,MSG_QUIZ_JAPANESE_QUESTION_DESCRIPTION_29
30,1,1,MSG_QUIZ_JAPANESE_QUESTION_30,MSG_QUIZ_JAPANESE_QUESTION_DESCRIPTION_30
31,1,1,MSG_QUIZ_JAPANESE_QUESTION_31,MSG_QUIZ_JAPANESE_QUESTION_DESCRIPTION_31
32,1,1,MSG_QUIZ_JAPANESE_QUESTION_32,MSG_QUIZ_JAPANESE_QUESTION_DESCRIPTION_32
33,1,1,MSG_QUIZ_JAPANESE_QUESTION_33,MSG_QUIZ_JAPANESE_QUESTION_DESCRIPTION_33
34,1,1,MSG_QUIZ_JAPANESE_QUESTION_34,MSG_QUIZ_JAPANESE_QUESTION_DESCRIPTION_34
35,1,1,MSG_QUIZ_JAPANESE_QUESTION_35,MSG_QUIZ_JAPANESE_QUESTION_DESCRIPTION_35
36,1,1,MSG_QUIZ_JAPANESE_QUESTION_36,MSG_QUIZ_JAPANESE_QUESTION_DESCRIPTION_36
37,1,1,MSG_QUIZ_JAPANESE_QUESTION_37,MSG_QUIZ_JAPANESE_QUESTION_DESCRIPTION_37
38,1,1,MSG_QUIZ_JAPANESE_QUESTION_38,MSG_QUIZ_JAPANESE_QUESTION_DESCRIPTION_38
39,1,1,MSG_QUIZ_JAPANESE_QUESTION_39,MSG_QUIZ_JAPANESE_QUESTION_DESCRIPTION_39
40,1,1,MSG_QUIZ_JAPANESE_QUESTION_40,MSG_QUIZ_JAPANESE_QUESTION_DESCRIPTION_40
41,1,1,MSG_QUIZ_JAPANESE_QUESTION_41,MSG_QUIZ_JAPANESE_QUESTION_DESCRIPTION_41
42,1,1,MSG_QUIZ_JAPANESE_QUESTION_42,MSG_QUIZ_JAPANESE_QUESTION_DESCRIPTION_42
43,1,1,MSG_QUIZ_JAPANESE_QUESTION_43,MSG_QUIZ_JAPANESE_QUESTION_DESCRIPTION_43
44,1,1,MSG_QUIZ_JAPANESE_QUESTION_44,MSG_QUIZ_JAPANESE_QUESTION_DESCRIPTION_44
45,1,1,MSG_QUIZ_JAPANESE_QUESTION_45,MSG_QUIZ_JAPANESE_QUESTION_DESCRIPTION_45
46,1,1,MSG_QUIZ_JAPANESE_QUESTION_46,MSG_QUIZ_JAPANESE_QUESTION_DESCRIPTION_46
47,1,1,MSG_QUIZ_JAPANESE_QUESTION_47,MSG_QUIZ_JAPANESE_QUESTION_DESCRIPTION_47
48,1,1,MSG_QUIZ_JAPANESE_QUESTION_48,MSG_QUIZ_JAPANESE_QUESTION_DESCRIPTION_48
49,1,1,MSG_QUIZ_JAPANESE_QUESTION_49,MSG_QUIZ_JAPANESE_QUESTION_DESCRIPTION_49
50,1,1,MSG_QUIZ_JAPANESE_QUESTION_50,MSG_QUIZ_JAPANESE_QUESTION_DESCRIPTION_50
51,1,1,MSG_QUIZ_JAPANESE_QUESTION_51,MSG_QUIZ_JAPANESE_QUESTION_DESCRIPTION_51
52,1,1,MSG_QUIZ_JAPANESE_QUESTION_52,MSG_QUIZ_JAPANESE_QUESTION_DESCRIPTION_52
53,1,1,MSG_QUIZ_JAPANESE_QUESTION_53,MSG_QUIZ_JAPANESE_QUESTION_DESCRIPTION_53
54,1,1,MSG_QUIZ_JAPANESE_QUESTION_54,MSG_QUIZ_JAPANESE_QUESTION_DESCRIPTION_54
55,1,1,MSG_QUIZ_JAPANESE_QUESTION_55,MSG_QUIZ_JAPANESE_QUESTION_DESCRIPTION_55
56,1,1,MSG_QUIZ_JAPANESE_QUESTION_56,MSG_QUIZ_JAPANESE_QUESTION_DESCRIPTION_56
57,1,1,MSG_QUIZ_JAPANESE_QUESTION_57,MSG_QUIZ_JAPANESE_QUESTION_DESCRIPTION_57
58,1,1,MSG_QUIZ_JAPANESE_QUESTION_58,MSG_QUIZ_JAPANESE_QUESTION_DESCRIPTION_58
59,1,1,MSG_QUIZ_JAPANESE_QUESTION_59,MSG_QUIZ_JAPANESE_QUESTION_DESCRIPTION_59
60,1,1,MSG_QUIZ_JAPANESE_QUESTION_60,MSG_QUIZ_JAPANESE_QUESTION_DESCRIPTION_60
61,1,1,MSG_QUIZ_JAPANESE_QUESTION_61,MSG_QUIZ_JAPANESE_QUESTION_DESCRIPTION_61
62,1,1,MSG_QUIZ_JAPANESE_QUESTION_62,MSG_QUIZ_JAPANESE_QUESTION_DESCRIPTION_62
63,1,1,MSG_QUIZ_JAPANESE_QUESTION_63,MSG_QUIZ_JAPANESE_QUESTION_DESCRIPTION_63
64,1,1,MSG_QUIZ_JAPANESE_QUESTION_64,MSG_QUIZ_JAPANESE_QUESTION_DESCRIPTION_64
65,1,1,MSG_QUIZ_JAPANESE_QUESTION_65,MSG_QUIZ_JAPANESE_QUESTION_DESCRIPTION_65
66,1,1,MSG_QUIZ_JAPANESE_QUESTION_66,MSG_QUIZ_JAPANESE_QUESTION_DESCRIPTION_66
67,1,1,MSG_QUIZ_JAPANESE_QUESTION_67,MSG_QUIZ_JAPANESE_QUESTION_DESCRIPTION_67
68,1,1,MSG_QUIZ_JAPANESE_QUESTION_68,MSG_QUIZ_JAPANESE_QUESTION_DESCRIPTION_68
69,1,1,MSG_QUIZ_JAPANESE_QUESTION_69,MSG_QUIZ_JAPANESE_QUESTION_DESCRIPTION_69
70,1,1,MSG_QUIZ_JAPANESE_QUESTION_70,MSG_QUIZ_JAPANESE_QUESTION_DESCRIPTION_70
71,1,1,MSG_QUIZ_JAPANESE_QUESTION_71,MSG_QUIZ_JAPANESE_QUESTION_DESCRIPTION_71
72,1,1,MSG_QUIZ_JAPANESE_QUESTION_72,MSG_QUIZ_JAPANESE_QUESTION_DESCRIPTION_72
73,1,1,MSG_QUIZ_JAPANESE_QUESTION_73,MSG_QUIZ_JAPANESE_QUESTION_DESCRIPTION_73
74,1,1,MSG_QUIZ_JAPANESE_QUESTION_74,MSG_QUIZ_JAPANESE_QUESTION_DESCRIPTION_74
75,1,1,MSG_QUIZ_JAPANESE_QUESTION_75,MSG_QUIZ_JAPANESE_QUESTION_DESCRIPTION_75
76,1,1,MSG_QUIZ_JAPANESE_QUESTION_76,MSG_QUIZ_JAPANESE_QUESTION_DESCRIPTION_76
77,1,1,MSG_QUIZ_JAPANESE_QUESTION_77,MSG_QUIZ_JAPANESE_QUESTION_DESCRIPTION_77
78,1,1,MSG_QUIZ_JAPANESE_QUESTION_78,MSG_QUIZ_JAPANESE_QUESTION_DESCRIPTION_78
79,1,1,MSG_QUIZ_JAPANESE_QUESTION_79,MSG_QUIZ_JAPANESE_QUESTION_DESCRIPTION_79
80,1,1,MSG_QUIZ_JAPANESE_QUESTION_80,MSG_QUIZ_JAPANESE_QUESTION_DESCRIPTION_80
81,1,1,MSG_QUIZ_JAPANESE_QUESTION_81,MSG_QUIZ_JAPANESE_QUESTION_DESCRIPTION_81
82,1,1,MSG_QUIZ_JAPANESE_QUESTION_82,MSG_QUIZ_JAPANESE_QUESTION_DESCRIPTION_82
83,1,1,MSG_QUIZ_JAPANESE_QUESTION_83,MSG_QUIZ_JAPANESE_QUESTION_DESCRIPTION_83
84,1,1,MSG_QUIZ_JAPANESE_QUESTION_84,MSG_QUIZ_JAPANESE_QUESTION_DESCRIPTION_84
85,1,1,MSG_QUIZ_JAPANESE_QUESTION_85,MSG_QUIZ_JAPANESE_QUESTION_DESCRIPTION_85
86,1,1,MSG_QUIZ_JAPANESE_QUESTION_86,MSG_QUIZ_JAPANESE_QUESTION_DESCRIPTION_86
87,1,1,MSG_QUIZ_JAPANESE_QUESTION_87,MSG_QUIZ_JAPANESE_QUESTION_DESCRIPTION_87
88,1,1,MSG_QUIZ_JAPANESE_QUESTION_88,MSG_QUIZ_JAPANESE_QUESTION_DESCRIPTION_88
89,1,1,MSG_QUIZ_JAPANESE_QUESTION_89,MSG_QUIZ_JAPANESE_QUESTION_DESCRIPTION_89
90,1,1,MSG_QUIZ_JAPANESE_QUESTION_90,MSG_QUIZ_JAPANESE_QUESTION_DESCRIPTION_90
91,1,1,MSG_QUIZ_JAPANESE_QUESTION_91,MSG_QUIZ_JAPANESE_QUESTION_DESCRIPTION_91
92,1,1,MSG_QUIZ_JAPANESE_QUESTION_92,MSG_QUIZ_JAPANESE_QUESTION_DESCRIPTION_92
93,1,1,MSG_QUIZ_JAPANESE_QUESTION_93,MSG_QUIZ_JAPANESE_QUESTION_DESCRIPTION_93
94,1,1,MSG_QUIZ_JAPANESE_QUESTION_94,MSG_QUIZ_JAPANESE_QUESTION_DESCRIPTION_94
95,1,1,MSG_QUIZ_JAPANESE_QUESTION_95,MSG_QUIZ_JAPANESE_QUESTION_DESCRIPTION_95
96,1,1,MSG_QUIZ_JAPANESE_QUESTION_96,MSG_QUIZ_JAPANESE_QUESTION_DESCRIPTION_96
97,1,1,MSG_QUIZ_JAPANESE_QUESTION_97,MSG_QUIZ_JAPANESE_QUESTION_DESCRIPTION_97
98,1,1,MSG_QUIZ_JAPANESE_QUESTION_98,MSG_QUIZ_JAPANESE_QUESTION_DESCRIPTION_98
99,1,1,MSG_QUIZ_JAPANESE_QUESTION_99,MSG_QUIZ_JAPANESE_QUESTION_DESCRIPTION_99
100,1,1,MSG_QUIZ_JAPANESE_QUESTION_100,MSG_QUIZ_JAPANESE_QUESTION_DESCRIPTION_100
101,1,1,MSG_QUIZ_JAPANESE_QUESTION_101,MSG_QUIZ_JAPANESE_QUESTION_DESCRIPTION_101
102,1,1,MSG_QUIZ_JAPANESE_QUESTION_102,MSG_QUIZ_JAPANESE_QUESTION_DESCRIPTION_102
103,1,1,MSG_QUIZ_JAPANESE_QUESTION_103,MSG_QUIZ_JAPANESE_QUESTION_DESCRIPTION_103
104,1,1,MSG_QUIZ_JAPANESE_QUESTION_104,MSG_QUIZ_JAPANESE_QUESTION_DESCRIPTION_104
105,1,1,MSG_QUIZ_JAPANESE_QUESTION_105,MSG_QUIZ_JAPANESE_QUESTION_DESCRIPTION_105
106,1,1,MSG_QUIZ_JAPANESE_QUESTION_106,MSG_QUIZ_JAPANESE_QUESTION_DESCRIPTION_106
107,1,1,MSG_QUIZ_JAPANESE_QUESTION_107,MSG_QUIZ_JAPANESE_QUESTION_DESCRIPTION_107
108,1,1,MSG_QUIZ_JAPANESE_QUESTION_108,MSG_QUIZ_JAPANESE_QUESTION_DESCRIPTION_108
109,1,1,MSG_QUIZ_JAPANESE_QUESTION_109,MSG_QUIZ_JAPANESE_QUESTION_DESCRIPTION_109
110,1,1,MSG_QUIZ_JAPANESE_QUESTION_110,MSG_QUIZ_JAPANESE_QUESTION_DESCRIPTION_110
111,1,1,MSG_QUIZ_JAPANESE_QUESTION_111,MSG_QUIZ_JAPANESE_QUESTION_DESCRIPTION_111
112,1,1,MSG_QUIZ_JAPANESE_QUESTION_112,MSG_QUIZ_JAPANESE_QUESTION_DESCRIPTION_112
113,1,1,MSG_QUIZ_JAPANESE_QUESTION_113,MSG_QUIZ_JAPANESE_QUESTION_DESCRIPTION_113
114,1,1,MSG_QUIZ_JAPANESE_QUESTION_114,MSG_QUIZ_JAPANESE_QUESTION_DESCRIPTION_114
115,1,1,MSG_QUIZ_JAPANESE_QUESTION_115,MSG_QUIZ_JAPANESE_QUESTION_DESCRIPTION_115
116,1,1,MSG_QUIZ_JAPANESE_QUESTION_116,MSG_QUIZ_JAPANESE_QUESTION_DESCRIPTION_116
117,1,1,MSG_QUIZ_JAPANESE_QUESTION_117,MSG_QUIZ_JAPANESE_QUESTION_DESCRIPTION_117
118,1,1,MSG_QUIZ_JAPANESE_QUESTION_118,MSG_QUIZ_JAPANESE_QUESTION_DESCRIPTION_118
119,1,1,MSG_QUIZ_JAPANESE_QUESTION_119,MSG_QUIZ_JAPANESE_QUESTION_DESCRIPTION_119
120,1,1,MSG_QUIZ_JAPANESE_QUESTION_120,MSG_QUIZ_JAPANESE_QUESTION_DESCRIPTION_120
121,1,1,MSG_QUIZ_JAPANESE_QUESTION_121,MSG_QUIZ_JAPANESE_QUESTION_DESCRIPTION_121
122,1,1,MSG_QUIZ_JAPANESE_QUESTION_122,MSG_QUIZ_JAPANESE_QUESTION_DESCRIPTION_122
123,1,1,MSG_QUIZ_JAPANESE_QUESTION_123,MSG_QUIZ_JAPANESE_QUESTION_DESCRIPTION_123
124,1,1,MSG_QUIZ_JAPANESE_QUESTION_124,MSG_QUIZ_JAPANESE_QUESTION_DESCRIPTION_124
125,1,1,MSG_QUIZ_JAPANESE_QUESTION_125,MSG_QUIZ_JAPANESE_QUESTION_DESCRIPTION_125
126,1,1,MSG_QUIZ_JAPANESE_QUESTION_126,MSG_QUIZ_JAPANESE_QUESTION_DESCRIPTION_126
127,1,1,MSG_QUIZ_JAPANESE_QUESTION_127,MSG_QUIZ_JAPANESE_QUESTION_DESCRIPTION_127
128,1,1,MSG_QUIZ_JAPANESE_QUESTION_128,MSG_QUIZ_JAPANESE_QUESTION_DESCRIPTION_128
129,1,1,MSG_QUIZ_JAPANESE_QUESTION_129,MSG_QUIZ_JAPANESE_QUESTION_DESCRIPTION_129
130,1,1,MSG_QUIZ_JAPANESE_QUESTION_130,MSG_QUIZ_JAPANESE_QUESTION_DESCRIPTION_130
131,1,1,MSG_QUIZ_JAPANESE_QUESTION_131,MSG_QUIZ_JAPANESE_QUESTION_DESCRIPTION_131
132,1,1,MSG_QUIZ_JAPANESE_QUESTION_132,MSG_QUIZ_JAPANESE_QUESTION_DESCRIPTION_132
133,1,1,MSG_QUIZ_JAPANESE_QUESTION_133,MSG_QUIZ_JAPANESE_QUESTION_DESCRIPTION_133
134,1,1,MSG_QUIZ_JAPANESE_QUESTION_134,MSG_QUIZ_JAPANESE_QUESTION_DESCRIPTION_134
135,1,1,MSG_QUIZ_JAPANESE_QUESTION_135,MSG_QUIZ_JAPANESE_QUESTION_DESCRIPTION_135
136,1,1,MSG_QUIZ_JAPANESE_QUESTION_136,MSG_QUIZ_JAPANESE_QUESTION_DESCRIPTION_136
137,1,1,MSG_QUIZ_JAPANESE_QUESTION_137,MSG_QUIZ_JAPANESE_QUESTION_DESCRIPTION_137
138,1,1,MSG_QUIZ_JAPANESE_QUESTION_138,MSG_QUIZ_JAPANESE_QUESTION_DESCRIPTION_138
139,1,1,MSG_QUIZ_JAPANESE_QUESTION_139,MSG_QUIZ_JAPANESE_QUESTION_DESCRIPTION_139
140,1,1,MSG_QUIZ_JAPANESE_QUESTION_140,MSG_QUIZ_JAPANESE_QUESTION_DESCRIPTION_140
141,1,1,MSG_QUIZ_JAPANESE_QUESTION_141,MSG_QUIZ_JAPANESE_QUESTION_DESCRIPTION_141
142,1,1,MSG_QUIZ_JAPANESE_QUESTION_142,MSG_QUIZ_JAPANESE_QUESTION_DESCRIPTION_142
143,1,1,MSG_QUIZ_JAPANESE_QUESTION_143,MSG_QUIZ_JAPANESE_QUESTION_DESCRIPTION_143
144,1,1,MSG_QUIZ_JAPANESE_QUESTION_144,MSG_QUIZ_JAPANESE_QUESTION_DESCRIPTION_144
145,1,1,MSG_QUIZ_JAPANESE_QUESTION_145,MSG_QUIZ_JAPANESE_QUESTION_DESCRIPTION_145
146,1,1,MSG_QUIZ_JAPANESE_QUESTION_146,MSG_QUIZ_JAPANESE_QUESTION_DESCRIPTION_146
147,1,1,MSG_QUIZ_JAPANESE_QUESTION_147,MSG_QUIZ_JAPANESE_QUESTION_DESCRIPTION_147
148,1,1,MSG_QUIZ_JAPANESE_QUESTION_148,MSG_QUIZ_JAPANESE_QUESTION_DESCRIPTION_148
149,1,1,MSG_QUIZ_JAPANESE_QUESTION_149,MSG_QUIZ_JAPANESE_QUESTION_DESCRIPTION_149
150,1,1,MSG_QUIZ_JAPANESE_QUESTION_150,MSG_QUIZ_JAPANESE_QUESTION_DESCRIPTION_150
151,1,1,MSG_QUIZ_JAPANESE_QUESTION_151,MSG_QUIZ_JAPANESE_QUESTION_DESCRIPTION_151
152,1,1,MSG_QUIZ_JAPANESE_QUESTION_152,MSG_QUIZ_JAPANESE_QUESTION_DESCRIPTION_152
153,1,1,MSG_QUIZ_JAPANESE_QUESTION_153,MSG_QUIZ_JAPANESE_QUESTION_DESCRIPTION_153
154,1,1,MSG_QUIZ_JAPANESE_QUESTION_154,MSG_QUIZ_JAPANESE_QUESTION_DESCRIPTION_154
155,1,1,MSG_QUIZ_JAPANESE_QUESTION_155,MSG_QUIZ_JAPANESE_QUESTION_DESCRIPTION_155
156,1,1,MSG_QUIZ_JAPANESE_QUESTION_156,MSG_QUIZ_JAPANESE_QUESTION_DESCRIPTION_156
157,1,1,MSG_QUIZ_JAPANESE_QUESTION_157,MSG_QUIZ_JAPANESE_QUESTION_DESCRIPTION_157
158,1,1,MSG_QUIZ_JAPANESE_QUESTION_158,MSG_QUIZ_JAPANESE_QUESTION_DESCRIPTION_158
159,1,1,MSG_QUIZ_JAPANESE_QUESTION_159,MSG_QUIZ_JAPANESE_QUESTION_DESCRIPTION_159
160,1,1,MSG_QUIZ_JAPANESE_QUESTION_160,MSG_QUIZ_JAPANESE_QUESTION_DESCRIPTION_160
161,1,1,MSG_QUIZ_JAPANESE_QUESTION_161,MSG_QUIZ_JAPANESE_QUESTION_DESCRIPTION_161
162,1,1,MSG_QUIZ_JAPANESE_QUESTION_162,MSG_QUIZ_JAPANESE_QUESTION_DESCRIPTION_162
163,1,1,MSG_QUIZ_JAPANESE_QUESTION_163,MSG_QUIZ_JAPANESE_QUESTION_DESCRIPTION_163
164,1,1,MSG_QUIZ_JAPANESE_QUESTION_164,MSG_QUIZ_JAPANESE_QUESTION_DESCRIPTION_164
165,1,1,MSG_QUIZ_JAPANESE_QUESTION_165,MSG_QUIZ_JAPANESE_QUESTION_DESCRIPTION_165
166,1,1,MSG_QUIZ_JAPANESE_QUESTION_166,MSG_QUIZ_JAPANESE_QUESTION_DESCRIPTION_166
167,1,1,MSG_QUIZ_JAPANESE_QUESTION_167,MSG_QUIZ_JAPANESE_QUESTION_DESCRIPTION_167
168,1,1,MSG_QUIZ_JAPANESE_QUESTION_168,MSG_QUIZ_JAPANESE_QUESTION_DESCRIPTION_168
169,1,1,MSG_QUIZ_JAPANESE_QUESTION_169,MSG_QUIZ_JAPANESE_QUESTION_DESCRIPTION_169
170,1,1,MSG_QUIZ_JAPANESE_QUESTION_170,MSG_QUIZ_JAPANESE_QUESTION_DESCRIPTION_170
171,1,1,MSG_QUIZ_JAPANESE_QUESTION_171,MSG_QUIZ_JAPANESE_QUESTION_DESCRIPTION_171
172,1,1,MSG_QUIZ_JAPANESE_QUESTION_172,MSG_QUIZ_JAPANESE_QUESTION_DESCRIPTION_172
173,1,1,MSG_QUIZ_JAPANESE_QUESTION_173,MSG_QUIZ_JAPANESE_QUESTION_DESCRIPTION_173
174,1,1,MSG_QUIZ_JAPANESE_QUESTION_174,MSG_QUIZ_JAPANESE_QUESTION_DESCRIPTION_174
175,1,1,MSG_QUIZ_JAPANESE_QUESTION_175,MSG_QUIZ_JAPANESE_QUESTION_DESCRIPTION_175
176,1,1,MSG_QUIZ_JAPANESE_QUESTION_176,MSG_QUIZ_JAPANESE_QUESTION_DESCRIPTION_176
177,1,1,MSG_QUIZ_JAPANESE_QUESTION_177,MSG_QUIZ_JAPANESE_QUESTION_DESCRIPTION_177
178,1,1,MSG_QUIZ_JAPANESE_QUESTION_178,MSG_QUIZ_JAPANESE_QUESTION_DESCRIPTION_178
179,1,1,MSG_QUIZ_JAPANESE_QUESTION_179,MSG_QUIZ_JAPANESE_QUESTION_DESCRIPTION_179
180,1,1,MSG_QUIZ_JAPANESE_QUESTION_180,MSG_QUIZ_JAPANESE_QUESTION_DESCRIPTION_180
181,1,1,MSG_QUIZ_JAPANESE_QUESTION_181,MSG_QUIZ_JAPANESE_QUESTION_DESCRIPTION_181
182,1,1,MSG_QUIZ_JAPANESE_QUESTION_182,MSG_QUIZ_JAPANESE_QUESTION_DESCRIPTION_182
183,1,1,MSG_QUIZ_JAPANESE_QUESTION_183,MSG_QUIZ_JAPANESE_QUESTION_DESCRIPTION_183
184,1,1,MSG_QUIZ_JAPANESE_QUESTION_184,MSG_QUIZ_JAPANESE_QUESTION_DESCRIPTION_184
185,1,1,MSG_QUIZ_JAPANESE_QUESTION_185,MSG_QUIZ_JAPANESE_QUESTION_DESCRIPTION_185
186,1,1,MSG_QUIZ_JAPANESE_QUESTION_186,MSG_QUIZ_JAPANESE_QUESTION_DESCRIPTION_186
187,1,1,MSG_QUIZ_JAPANESE_QUESTION_187,MSG_QUIZ_JAPANESE_QUESTION_DESCRIPTION_187
188,1,1,MSG_QUIZ_JAPANESE_QUESTION_188,MSG_QUIZ_JAPANESE_QUESTION_DESCRIPTION_188
189,1,1,MSG_QUIZ_JAPANESE_QUESTION_189,MSG_QUIZ_JAPANESE_QUESTION_DESCRIPTION_189
190,1,1,MSG_QUIZ_JAPANESE_QUESTION_190,MSG_QUIZ_JAPANESE_QUESTION_DESCRIPTION_190
191,1,1,MSG_QUIZ_JAPANESE_QUESTION_191,MSG_QUIZ_JAPANESE_QUESTION_DESCRIPTION_191
192,1,1,MSG_QUIZ_JAPANESE_QUESTION_192,MSG_QUIZ_JAPANESE_QUESTION_DESCRIPTION_192
193,1,1,MSG_QUIZ_JAPANESE_QUESTION_193,MSG_QUIZ_JAPANESE_QUESTION_DESCRIPTION_193
194,1,1,MSG_QUIZ_JAPANESE_QUESTION_194,MSG_QUIZ_JAPANESE_QUESTION_DESCRIPTION_194
195,1,1,MSG_QUIZ_JAPANESE_QUESTION_195,MSG_QUIZ_JAPANESE_QUESTION_DESCRIPTION_195
196,1,1,MSG_QUIZ_JAPANESE_QUESTION_196,MSG_QUIZ_JAPANESE_QUESTION_DESCRIPTION_196
197,1,1,MSG_QUIZ_JAPANESE_QUESTION_197,MSG_QUIZ_JAPANESE_QUESTION_DESCRIPTION_197
198,1,1,MSG_QUIZ_JAPANESE_QUESTION_198,MSG_QUIZ_JAPANESE_QUESTION_DESCRIPTION_198
199,1,1,MSG_QUIZ_JAPANESE_QUESTION_199,MSG_QUIZ_JAPANESE_QUESTION_DESCRIPTION_199
200,1,1,MSG_QUIZ_JAPANESE_QUESTION_200,MSG_QUIZ_JAPANESE_QUESTION_DESCRIPTION_200
201,1,1,MSG_QUIZ_JAPANESE_QUESTION_201,MSG_QUIZ_JAPANESE_QUESTION_DESCRIPTION_201
202,1,1,MSG_QUIZ_JAPANESE_QUESTION_202,MSG_QUIZ_JAPANESE_QUESTION_DESCRIPTION_202
203,1,1,MSG_QUIZ_JAPANESE_QUESTION_203,MSG_QUIZ_JAPANESE_QUESTION_DESCRIPTION_203
204,1,1,MSG_QUIZ_JAPANESE_QUESTION_204,MSG_QUIZ_JAPANESE_QUESTION_DESCRIPTION_204
205,1,1,MSG_QUIZ_JAPANESE_QUESTION_205,MSG_QUIZ_JAPANESE_QUESTION_DESCRIPTION_205
206,1,1,MSG_QUIZ_JAPANESE_QUESTION_206,MSG_QUIZ_JAPANESE_QUESTION_DESCRIPTION_206
207,1,1,MSG_QUIZ_JAPANESE_QUESTION_207,MSG_QUIZ_JAPANESE_QUESTION_DESCRIPTION_207
208,1,1,MSG_QUIZ_JAPANESE_QUESTION_208,MSG_QUIZ_JAPANESE_QUESTION_DESCRIPTION_208
209,1,1,MSG_QUIZ_JAPANESE_QUESTION_209,MSG_QUIZ_JAPANESE_QUESTION_DESCRIPTION_209
210,1,1,MSG_QUIZ_JAPANESE_QUESTION_210,MSG_QUIZ_JAPANESE_QUESTION_DESCRIPTION_210
211,1,1,MSG_QUIZ_JAPANESE_QUESTION_211,MSG_QUIZ_JAPANESE_QUESTION_DESCRIPTION_211
212,1,1,MSG_QUIZ_JAPANESE_QUESTION_212,MSG_QUIZ_JAPANESE_QUESTION_DESCRIPTION_212
213,1,1,MSG_QUIZ_JAPANESE_QUESTION_213,MSG_QUIZ_JAPANESE_QUESTION_DESCRIPTION_213
214,1,1,MSG_QUIZ_JAPANESE_QUESTION_214,MSG_QUIZ_JAPANESE_QUESTION_DESCRIPTION_214
215,1,1,MSG_QUIZ_JAPANESE_QUESTION_215,MSG_QUIZ_JAPANESE_QUESTION_DESCRIPTION_215
216,1,1,MSG_QUIZ_JAPANESE_QUESTION_216,MSG_QUIZ_JAPANESE_QUESTION_DESCRIPTION_216
217,1,1,MSG_QUIZ_JAPANESE_QUESTION_217,MSG_QUIZ_JAPANESE_QUESTION_DESCRIPTION_217
218,1,1,MSG_QUIZ_JAPANESE_QUESTION_218,MSG_QUIZ_JAPANESE_QUESTION_DESCRIPTION_218
219,1,1,MSG_QUIZ_JAPANESE_QUESTION_219,MSG_QUIZ_JAPANESE_QUESTION_DESCRIPTION_219
220,1,1,MSG_QUIZ_JAPANESE_QUESTION_220,MSG_QUIZ_JAPANESE_QUESTION_DESCRIPTION_220
221,1,1,MSG_QUIZ_JAPANESE_QUESTION_221,MSG_QUIZ_JAPANESE_QUESTION_DESCRIPTION_221
222,1,1,MSG_QUIZ_JAPANESE_QUESTION_222,MSG_QUIZ_JAPANESE_QUESTION_DESCRIPTION_222
223,1,1,MSG_QUIZ_JAPANESE_QUESTION_223,MSG_QUIZ_JAPANESE_QUESTION_DESCRIPTION_223
224,1,1,MSG_QUIZ_JAPANESE_QUESTION_224,MSG_QUIZ_JAPANESE_QUESTION_DESCRIPTION_224
225,1,1,MSG_QUIZ_JAPANESE_QUESTION_225,MSG_QUIZ_JAPANESE_QUESTION_DESCRIPTION_225
226,1,1,MSG_QUIZ_JAPANESE_QUESTION_226,MSG_QUIZ_JAPANESE_QUESTION_DESCRIPTION_226
227,1,1,MSG_QUIZ_JAPANESE_QUESTION_227,MSG_QUIZ_JAPANESE_QUESTION_DESCRIPTION_227
228,1,1,MSG_QUIZ_JAPANESE_QUESTION_228,MSG_QUIZ_JAPANESE_QUESTION_DESCRIPTION_228
229,1,1,MSG_QUIZ_JAPANESE_QUESTION_229,MSG_QUIZ_JAPANESE_QUESTION_DESCRIPTION_229
230,1,1,MSG_QUIZ_JAPANESE_QUESTION_230,MSG_QUIZ_JAPANESE_QUESTION_DESCRIPTION_230
231,1,1,MSG_QUIZ_JAPANESE_QUESTION_231,MSG_QUIZ_JAPANESE_QUESTION_DESCRIPTION_231
232,1,1,MSG_QUIZ_JAPANESE_QUESTION_232,MSG_QUIZ_JAPANESE_QUESTION_DESCRIPTION_232
233,1,1,MSG_QUIZ_JAPANESE_QUESTION_233,MSG_QUIZ_JAPANESE_QUESTION_DESCRIPTION_233
234,1,1,MSG_QUIZ_JAPANESE_QUESTION_234,MSG_QUIZ_JAPANESE_QUESTION_DESCRIPTION_234
235,1,1,MSG_QUIZ_JAPANESE_QUESTION_235,MSG_QUIZ_JAPANESE_QUESTION_DESCRIPTION_235
236,1,1,MSG_QUIZ_JAPANESE_QUESTION_236,MSG_QUIZ_JAPANESE_QUESTION_DESCRIPTION_236
237,1,1,MSG_QUIZ_JAPANESE_QUESTION_237,MSG_QUIZ_JAPANESE_QUESTION_DESCRIPTION_237
238,1,1,MSG_QUIZ_JAPANESE_QUESTION_238,MSG_QUIZ_JAPANESE_QUESTION_DESCRIPTION_238
239,1,1,MSG_QUIZ_JAPANESE_QUESTION_239,MSG_QUIZ_JAPANESE_QUESTION_DESCRIPTION_239
240,1,1,MSG_QUIZ_JAPANESE_QUESTION_240,MSG_QUIZ_JAPANESE_QUESTION_DESCRIPTION_240
241,1,1,MSG_QUIZ_JAPANESE_QUESTION_241,MSG_QUIZ_JAPANESE_QUESTION_DESCRIPTION_241
242,1,1,MSG_QUIZ_JAPANESE_QUESTION_242,MSG_QUIZ_JAPANESE_QUESTION_DESCRIPTION_242
243,1,1,MSG_QUIZ_JAPANESE_QUESTION_243,MSG_QUIZ_JAPANESE_QUESTION_DESCRIPTION_243
244,1,1,MSG_QUIZ_JAPANESE_QUESTION_244,MSG_QUIZ_JAPANESE_QUESTION_DESCRIPTION_244
245,1,1,MSG_QUIZ_JAPANESE_QUESTION_245,MSG_QUIZ_JAPANESE_QUESTION_DESCRIPTION_245
246,1,1,MSG_QUIZ_JAPANESE_QUESTION_246,MSG_QUIZ_JAPANESE_QUESTION_DESCRIPTION_246
247,1,1,MSG_QUIZ_JAPANESE_QUESTION_247,MSG_QUIZ_JAPANESE_QUESTION_DESCRIPTION_247
248,1,1,MSG_QUIZ_JAPANESE_QUESTION_248,MSG_QUIZ_JAPANESE_QUESTION_DESCRIPTION_248
249,1,1,MSG_QUIZ_JAPANESE_QUESTION_249,MSG_QUIZ_JAPANESE_QUESTION_DESCRIPTION_249
250,1,1,MSG_QUIZ_JAPANESE_QUESTION_250,MSG_QUIZ_JAPANESE_QUESTION_DESCRIPTION_250
251,1,1,MSG_QUIZ_JAPANESE_QUESTION_251,MSG_QUIZ_JAPANESE_QUESTION_DESCRIPTION_251
252,1,1,MSG_QUIZ_JAPANESE_QUESTION_252,MSG_QUIZ_JAPANESE_QUESTION_DESCRIPTION_252
253,1,1,MSG_QUIZ_JAPANESE_QUESTION_253,MSG_QUIZ_JAPANESE_QUESTION_DESCRIPTION_253
254,1,1,MSG_QUIZ_JAPANESE_QUESTION_254,MSG_QUIZ_JAPANESE_QUESTION_DESCRIPTION_254
255,1,1,MSG_QUIZ_JAPANESE_QUESTION_255,MSG_QUIZ_JAPANESE_QUESTION_DESCRIPTION_255
256,1,1,MSG_QUIZ_JAPANESE_QUESTION_256,MSG_QUIZ_JAPANESE_QUESTION_DESCRIPTION_256
257,1,1,MSG_QUIZ_JAPANESE_QUESTION_257,MSG_QUIZ_JAPANESE_QUESTION_DESCRIPTION_257
258,1,1,MSG_QUIZ_JAPANESE_QUESTION_258,MSG_QUIZ_JAPANESE_QUESTION_DESCRIPTION_258
259,1,1,MSG_QUIZ_JAPANESE_QUESTION_259,MSG_QUIZ_JAPANESE_QUESTION_DESCRIPTION_259
260,1,1,MSG_QUIZ_JAPANESE_QUESTION_260,MSG_QUIZ_JAPANESE_QUESTION_DESCRIPTION_260
261,1,1,MSG_QUIZ_JAPANESE_QUESTION_261,MSG_QUIZ_JAPANESE_QUESTION_DESCRIPTION_261
262,1,1,MSG_QUIZ_JAPANESE_QUESTION_262,MSG_QUIZ_JAPANESE_QUESTION_DESCRIPTION_262
263,1,1,MSG_QUIZ_JAPANESE_QUESTION_263,MSG_QUIZ_JAPANESE_QUESTION_DESCRIPTION_263
264,1,1,MSG_QUIZ_JAPANESE_QUESTION_264,MSG_QUIZ_JAPANESE_QUESTION_DESCRIPTION_264
265,1,1,MSG_QUIZ_JAPANESE_QUESTION_265,MSG_QUIZ_JAPANESE_QUESTION_DESCRIPTION_265
266,1,1,MSG_QUIZ_JAPANESE_QUESTION_266,MSG_QUIZ_JAPANESE_QUESTION_DESCRIPTION_266
267,1,1,MSG_QUIZ_JAPANESE_QUESTION_267,MSG_QUIZ_JAPANESE_QUESTION_DESCRIPTION_267
268,1,1,MSG_QUIZ_JAPANESE_QUESTION_268,MSG_QUIZ_JAPANESE_QUESTION_DESCRIPTION_268
269,1,1,MSG_QUIZ_JAPANESE_QUESTION_269,MSG_QUIZ_JAPANESE_QUESTION_DESCRIPTION_269
270,1,1,MSG_QUIZ_JAPANESE_QUESTION_270,MSG_QUIZ_JAPANESE_QUESTION_DESCRIPTION_270
271,1,1,MSG_QUIZ_JAPANESE_QUESTION_271,MSG_QUIZ_JAPANESE_QUESTION_DESCRIPTION_271
272,1,1,MSG_QUIZ_JAPANESE_QUESTION_272,MSG_QUIZ_JAPANESE_QUESTION_DESCRIPTION_272
273,1,1,MSG_QUIZ_JAPANESE_QUESTION_273,MSG_QUIZ_JAPANESE_QUESTION_DESCRIPTION_273
274,1,1,MSG_QUIZ_JAPANESE_QUESTION_274,MSG_QUIZ_JAPANESE_QUESTION_DESCRIPTION_274
275,1,1,MSG_QUIZ_JAPANESE_QUESTION_275,MSG_QUIZ_JAPANESE_QUESTION_DESCRIPTION_275
276,1,1,MSG_QUIZ_JAPANESE_QUESTION_276,MSG_QUIZ_JAPANESE_QUESTION_DESCRIPTION_276
277,1,1,MSG_QUIZ_JAPANESE_QUESTION_277,MSG_QUIZ_JAPANESE_QUESTION_DESCRIPTION_277
278,1,1,MSG_QUIZ_JAPANESE_QUESTION_278,MSG_QUIZ_JAPANESE_QUESTION_DESCRIPTION_278
279,1,1,MSG_QUIZ_JAPANESE_QUESTION_279,MSG_QUIZ_JAPANESE_QUESTION_DESCRIPTION_279
280,1,1,MSG_QUIZ_JAPANESE_QUESTION_280,MSG_QUIZ_JAPANESE_QUESTION_DESCRIPTION_280
281,1,1,MSG_QUIZ_JAPANESE_QUESTION_281,MSG_QUIZ_JAPANESE_QUESTION_DESCRIPTION_281
282,1,1,MSG_QUIZ_JAPANESE_QUESTION_282,MSG_QUIZ_JAPANESE_QUESTION_DESCRIPTION_282
283,1,1,MSG_QUIZ_JAPANESE_QUESTION_283,MSG_QUIZ_JAPANESE_QUESTION_DESCRIPTION_283
284,1,1,MSG_QUIZ_JAPANESE_QUESTION_284,MSG_QUIZ_JAPANESE_QUESTION_DESCRIPTION_284
285,1,1,MSG_QUIZ_JAPANESE_QUESTION_285,MSG_QUIZ_JAPANESE_QUESTION_DESCRIPTION_285
286,1,1,MSG_QUIZ_JAPANESE_QUESTION_286,MSG_QUIZ_JAPANESE_QUESTION_DESCRIPTION_286
287,1,1,MSG_QUIZ_JAPANESE_QUESTION_287,MSG_QUIZ_JAPANESE_QUESTION_DESCRIPTION_287
288,1,1,MSG_QUIZ_JAPANESE_QUESTION_288,MSG_QUIZ_JAPANESE_QUESTION_DESCRIPTION_288
289,1,1,MSG_QUIZ_JAPANESE_QUESTION_289,MSG_QUIZ_JAPANESE_QUESTION_DESCRIPTION_289
290,1,1,MSG_QUIZ_JAPANESE_QUESTION_290,MSG_QUIZ_JAPANESE_QUESTION_DESCRIPTION_290
291,1,1,MSG_QUIZ_JAPANESE_QUESTION_291,MSG_QUIZ_JAPANESE_QUESTION_DESCRIPTION_291
292,1,1,MSG_QUIZ_JAPANESE_QUESTION_292,MSG_QUIZ_JAPANESE_QUESTION_DESCRIPTION_292
293,1,1,MSG_QUIZ_JAPANESE_QUESTION_293,MSG_QUIZ_JAPANESE_QUESTION_DESCRIPTION_293
294,1,1,MSG_QUIZ_JAPANESE_QUESTION_294,MSG_QUIZ_JAPANESE_QUESTION_DESCRIPTION_294
295,1,1,MSG_QUIZ_JAPANESE_QUESTION_295,MSG_QUIZ_JAPANESE_QUESTION_DESCRIPTION_295
296,1,1,MSG_QUIZ_JAPANESE_QUESTION_296,MSG_QUIZ_JAPANESE_QUESTION_DESCRIPTION_296
297,1,1,MSG_QUIZ_JAPANESE_QUESTION_297,MSG_QUIZ_JAPANESE_QUESTION_DESCRIPTION_297
298,1,1,MSG_QUIZ_JAPANESE_QUESTION_298,MSG_QUIZ_JAPANESE_QUESTION_DESCRIPTION_298
299,1,1,MSG_QUIZ_JAPANESE_QUESTION_299,MSG_QUIZ_JAPANESE_QUESTION_DESCRIPTION_299
300,1,1,MSG_QUIZ_JAPANESE_QUESTION_300,MSG_QUIZ_JAPANESE_QUESTION_DESCRIPTION_300
301,1,2,MSG_QUIZ_JAPANESE_QUESTION_301,MSG_QUIZ_JAPANESE_QUESTION_DESCRIPTION_301
302,1,2,MSG_QUIZ_JAPANESE_QUESTION_302,MSG_QUIZ_JAPANESE_QUESTION_DESCRIPTION_302
303,1,2,MSG_QUIZ_JAPANESE_QUESTION_303,MSG_QUIZ_JAPANESE_QUESTION_DESCRIPTION_303
304,1,2,MSG_QUIZ_JAPANESE_QUESTION_304,MSG_QUIZ_JAPANESE_QUESTION_DESCRIPTION_304
305,1,2,MSG_QUIZ_JAPANESE_QUESTION_305,MSG_QUIZ_JAPANESE_QUESTION_DESCRIPTION_305
306,1,2,MSG_QUIZ_JAPANESE_QUESTION_306,MSG_QUIZ_JAPANESE_QUESTION_DESCRIPTION_306
307,1,2,MSG_QUIZ_JAPANESE_QUESTION_307,MSG_QUIZ_JAPANESE_QUESTION_DESCRIPTION_307
308,1,2,MSG_QUIZ_JAPANESE_QUESTION_308,MSG_QUIZ_JAPANESE_QUESTION_DESCRIPTION_308
309,1,2,MSG_QUIZ_JAPANESE_QUESTION_309,MSG_QUIZ_JAPANESE_QUESTION_DESCRIPTION_309
310,1,2,MSG_QUIZ_JAPANESE_QUESTION_310,MSG_QUIZ_JAPANESE_QUESTION_DESCRIPTION_310
311,1,2,MSG_QUIZ_JAPANESE_QUESTION_311,MSG_QUIZ_JAPANESE_QUESTION_DESCRIPTION_311
312,1,2,MSG_QUIZ_JAPANESE_QUESTION_312,MSG_QUIZ_JAPANESE_QUESTION_DESCRIPTION_312
313,1,2,MSG_QUIZ_JAPANESE_QUESTION_313,MSG_QUIZ_JAPANESE_QUESTION_DESCRIPTION_313
314,1,2,MSG_QUIZ_JAPANESE_QUESTION_314,MSG_QUIZ_JAPANESE_QUESTION_DESCRIPTION_314
315,1,2,MSG_QUIZ_JAPANESE_QUESTION_315,MSG_QUIZ_JAPANESE_QUESTION_DESCRIPTION_315
316,1,2,MSG_QUIZ_JAPANESE_QUESTION_316,MSG_QUIZ_JAPANESE_QUESTION_DESCRIPTION_316
317,1,2,MSG_QUIZ_JAPANESE_QUESTION_317,MSG_QUIZ_JAPANESE_QUESTION_DESCRIPTION_317
318,1,2,MSG_QUIZ_JAPANESE_QUESTION_318,MSG_QUIZ_JAPANESE_QUESTION_DESCRIPTION_318
319,1,2,MSG_QUIZ_JAPANESE_QUESTION_319,MSG_QUIZ_JAPANESE_QUESTION_DESCRIPTION_319
320,1,2,MSG_QUIZ_JAPANESE_QUESTION_320,MSG_QUIZ_JAPANESE_QUESTION_DESCRIPTION_320
321,1,2,MSG_QUIZ_JAPANESE_QUESTION_321,MSG_QUIZ_JAPANESE_QUESTION_DESCRIPTION_321
322,1,2,MSG_QUIZ_JAPANESE_QUESTION_322,MSG_QUIZ_JAPANESE_QUESTION_DESCRIPTION_322
323,1,2,MSG_QUIZ_JAPANESE_QUESTION_323,MSG_QUIZ_JAPANESE_QUESTION_DESCRIPTION_323
324,1,2,MSG_QUIZ_JAPANESE_QUESTION_324,MSG_QUIZ_JAPANESE_QUESTION_DESCRIPTION_324
325,1,2,MSG_QUIZ_JAPANESE_QUESTION_325,MSG_QUIZ_JAPANESE_QUESTION_DESCRIPTION_325
326,1,2,MSG_QUIZ_JAPANESE_QUESTION_326,MSG_QUIZ_JAPANESE_QUESTION_DESCRIPTION_326
327,1,2,MSG_QUIZ_JAPANESE_QUESTION_327,MSG_QUIZ_JAPANESE_QUESTION_DESCRIPTION_327
328,1,2,MSG_QUIZ_JAPANESE_QUESTION_328,MSG_QUIZ_JAPANESE_QUESTION_DESCRIPTION_328
329,1,2,MSG_QUIZ_JAPANESE_QUESTION_329,MSG_QUIZ_JAPANESE_QUESTION_DESCRIPTION_329
330,1,2,MSG_QUIZ_JAPANESE_QUESTION_330,MSG_QUIZ_JAPANESE_QUESTION_DESCRIPTION_330
331,1,2,MSG_QUIZ_JAPANESE_QUESTION_331,MSG_QUIZ_JAPANESE_QUESTION_DESCRIPTION_331
332,1,2,MSG_QUIZ_JAPANESE_QUESTION_332,MSG_QUIZ_JAPANESE_QUESTION_DESCRIPTION_332
333,1,2,MSG_QUIZ_JAPANESE_QUESTION_333,MSG_QUIZ_JAPANESE_QUESTION_DESCRIPTION_333
334,1,2,MSG_QUIZ_JAPANESE_QUESTION_334,MSG_QUIZ_JAPANESE_QUESTION_DESCRIPTION_334
335,1,2,MSG_QUIZ_JAPANESE_QUESTION_335,MSG_QUIZ_JAPANESE_QUESTION_DESCRIPTION_335
336,1,2,MSG_QUIZ_JAPANESE_QUESTION_336,MSG_QUIZ_JAPANESE_QUESTION_DESCRIPTION_336
337,1,2,MSG_QUIZ_JAPANESE_QUESTION_337,MSG_QUIZ_JAPANESE_QUESTION_DESCRIPTION_337
338,1,2,MSG_QUIZ_JAPANESE_QUESTION_338,MSG_QUIZ_JAPANESE_QUESTION_DESCRIPTION_338
339,1,2,MSG_QUIZ_JAPANESE_QUESTION_339,MSG_QUIZ_JAPANESE_QUESTION_DESCRIPTION_339
340,1,2,MSG_QUIZ_JAPANESE_QUESTION_340,MSG_QUIZ_JAPANESE_QUESTION_DESCRIPTION_340
341,1,2,MSG_QUIZ_JAPANESE_QUESTION_341,MSG_QUIZ_JAPANESE_QUESTION_DESCRIPTION_341
342,1,2,MSG_QUIZ_JAPANESE_QUESTION_342,MSG_QUIZ_JAPANESE_QUESTION_DESCRIPTION_342
343,1,2,MSG_QUIZ_JAPANESE_QUESTION_343,MSG_QUIZ_JAPANESE_QUESTION_DESCRIPTION_343
344,1,2,MSG_QUIZ_JAPANESE_QUESTION_344,MSG_QUIZ_JAPANESE_QUESTION_DESCRIPTION_344
345,1,2,MSG_QUIZ_JAPANESE_QUESTION_345,MSG_QUIZ_JAPANESE_QUESTION_DESCRIPTION_345
346,1,2,MSG_QUIZ_JAPANESE_QUESTION_346,MSG_QUIZ_JAPANESE_QUESTION_DESCRIPTION_346
347,1,2,MSG_QUIZ_JAPANESE_QUESTION_347,MSG_QUIZ_JAPANESE_QUESTION_DESCRIPTION_347
348,1,2,MSG_QUIZ_JAPANESE_QUESTION_348,MSG_QUIZ_JAPANESE_QUESTION_DESCRIPTION_348
349,1,2,MSG_QUIZ_JAPANESE_QUESTION_349,MSG_QUIZ_JAPANESE_QUESTION_DESCRIPTION_349
350,1,2,MSG_QUIZ_JAPANESE_QUESTION_350,MSG_QUIZ_JAPANESE_QUESTION_DESCRIPTION_350
351,1,2,MSG_QUIZ_JAPANESE_QUESTION_351,MSG_QUIZ_JAPANESE_QUESTION_DESCRIPTION_351
352,1,2,MSG_QUIZ_JAPANESE_QUESTION_352,MSG_QUIZ_JAPANESE_QUESTION_DESCRIPTION_352
353,1,2,MSG_QUIZ_JAPANESE_QUESTION_353,MSG_QUIZ_JAPANESE_QUESTION_DESCRIPTION_353
354,1,2,MSG_QUIZ_JAPANESE_QUESTION_354,MSG_QUIZ_JAPANESE_QUESTION_DESCRIPTION_354
355,1,2,MSG_QUIZ_JAPANESE_QUESTION_355,MSG_QUIZ_JAPANESE_QUESTION_DESCRIPTION_355
356,1,2,MSG_QUIZ_JAPANESE_QUESTION_356,MSG_QUIZ_JAPANESE_QUESTION_DESCRIPTION_356
357,1,2,MSG_QUIZ_JAPANESE_QUESTION_357,MSG_QUIZ_JAPANESE_QUESTION_DESCRIPTION_357
358,1,2,MSG_QUIZ_JAPANESE_QUESTION_358,MSG_QUIZ_JAPANESE_QUESTION_DESCRIPTION_358
359,1,2,MSG_QUIZ_JAPANESE_QUESTION_359,MSG_QUIZ_JAPANESE_QUESTION_DESCRIPTION_359
360,1,2,MSG_QUIZ_JAPANESE_QUESTION_360,MSG_QUIZ_JAPANESE_QUESTION_DESCRIPTION_360
361,1,2,MSG_QUIZ_JAPANESE_QUESTION_361,MSG_QUIZ_JAPANESE_QUESTION_DESCRIPTION_361
362,1,2,MSG_QUIZ_JAPANESE_QUESTION_362,MSG_QUIZ_JAPANESE_QUESTION_DESCRIPTION_362
363,1,2,MSG_QUIZ_JAPANESE_QUESTION_363,MSG_QUIZ_JAPANESE_QUESTION_DESCRIPTION_363
364,1,2,MSG_QUIZ_JAPANESE_QUESTION_364,MSG_QUIZ_JAPANESE_QUESTION_DESCRIPTION_364
365,1,2,MSG_QUIZ_JAPANESE_QUESTION_365,MSG_QUIZ_JAPANESE_QUESTION_DESCRIPTION_365
366,1,2,MSG_QUIZ_JAPANESE_QUESTION_366,MSG_QUIZ_JAPANESE_QUESTION_DESCRIPTION_366
367,1,2,MSG_QUIZ_JAPANESE_QUESTION_367,MSG_QUIZ_JAPANESE_QUESTION_DESCRIPTION_367
368,1,2,MSG_QUIZ_JAPANESE_QUESTION_368,MSG_QUIZ_JAPANESE_QUESTION_DESCRIPTION_368
369,1,2,MSG_QUIZ_JAPANESE_QUESTION_369,MSG_QUIZ_JAPANESE_QUESTION_DESCRIPTION_369
370,1,2,MSG_QUIZ_JAPANESE_QUESTION_370,MSG_QUIZ_JAPANESE_QUESTION_DESCRIPTION_370
371,1,2,MSG_QUIZ_JAPANESE_QUESTION_371,MSG_QUIZ_JAPANESE_QUESTION_DESCRIPTION_371
372,1,2,MSG_QUIZ_JAPANESE_QUESTION_372,MSG_QUIZ_JAPANESE_QUESTION_DESCRIPTION_372
373,1,2,MSG_QUIZ_JAPANESE_QUESTION_373,MSG_QUIZ_JAPANESE_QUESTION_DESCRIPTION_373
374,1,2,MSG_QUIZ_JAPANESE_QUESTION_374,MSG_QUIZ_JAPANESE_QUESTION_DESCRIPTION_374
375,1,2,MSG_QUIZ_JAPANESE_QUESTION_375,MSG_QUIZ_JAPANESE_QUESTION_DESCRIPTION_375
376,1,2,MSG_QUIZ_JAPANESE_QUESTION_376,MSG_QUIZ_JAPANESE_QUESTION_DESCRIPTION_376
377,1,2,MSG_QUIZ_JAPANESE_QUESTION_377,MSG_QUIZ_JAPANESE_QUESTION_DESCRIPTION_377
378,1,2,MSG_QUIZ_JAPANESE_QUESTION_378,MSG_QUIZ_JAPANESE_QUESTION_DESCRIPTION_378
379,1,2,MSG_QUIZ_JAPANESE_QUESTION_379,MSG_QUIZ_JAPANESE_QUESTION_DESCRIPTION_379
380,1,2,MSG_QUIZ_JAPANESE_QUESTION_380,MSG_QUIZ_JAPANESE_QUESTION_DESCRIPTION_380
381,1,2,MSG_QUIZ_JAPANESE_QUESTION_381,MSG_QUIZ_JAPANESE_QUESTION_DESCRIPTION_381
382,1,2,MSG_QUIZ_JAPANESE_QUESTION_382,MSG_QUIZ_JAPANESE_QUESTION_DESCRIPTION_382
383,1,2,MSG_QUIZ_JAPANESE_QUESTION_383,MSG_QUIZ_JAPANESE_QUESTION_DESCRIPTION_383
384,1,2,MSG_QUIZ_JAPANESE_QUESTION_384,MSG_QUIZ_JAPANESE_QUESTION_DESCRIPTION_384
385,1,2,MSG_QUIZ_JAPANESE_QUESTION_385,MSG_QUIZ_JAPANESE_QUESTION_DESCRIPTION_385
386,1,2,MSG_QUIZ_JAPANESE_QUESTION_386,MSG_QUIZ_JAPANESE_QUESTION_DESCRIPTION_386
387,1,2,MSG_QUIZ_JAPANESE_QUESTION_387,MSG_QUIZ_JAPANESE_QUESTION_DESCRIPTION_387
388,1,2,MSG_QUIZ_JAPANESE_QUESTION_388,MSG_QUIZ_JAPANESE_QUESTION_DESCRIPTION_388
389,1,2,MSG_QUIZ_JAPANESE_QUESTION_389,MSG_QUIZ_JAPANESE_QUESTION_DESCRIPTION_389
390,1,2,MSG_QUIZ_JAPANESE_QUESTION_390,MSG_QUIZ_JAPANESE_QUESTION_DESCRIPTION_390
391,1,2,MSG_QUIZ_JAPANESE_QUESTION_391,MSG_QUIZ_JAPANESE_QUESTION_DESCRIPTION_391
392,1,2,MSG_QUIZ_JAPANESE_QUESTION_392,MSG_QUIZ_JAPANESE_QUESTION_DESCRIPTION_392
393,1,2,MSG_QUIZ_JAPANESE_QUESTION_393,MSG_QUIZ_JAPANESE_QUESTION_DESCRIPTION_393
394,1,2,MSG_QUIZ_JAPANESE_QUESTION_394,MSG_QUIZ_JAPANESE_QUESTION_DESCRIPTION_394
395,1,2,MSG_QUIZ_JAPANESE_QUESTION_395,MSG_QUIZ_JAPANESE_QUESTION_DESCRIPTION_395
396,1,2,MSG_QUIZ_JAPANESE_QUESTION_396,MSG_QUIZ_JAPANESE_QUESTION_DESCRIPTION_396
397,1,2,MSG_QUIZ_JAPANESE_QUESTION_397,MSG_QUIZ_JAPANESE_QUESTION_DESCRIPTION_397
398,1,2,MSG_QUIZ_JAPANESE_QUESTION_398,MSG_QUIZ_JAPANESE_QUESTION_DESCRIPTION_398
399,1,2,MSG_QUIZ_JAPANESE_QUESTION_399,MSG_QUIZ_JAPANESE_QUESTION_DESCRIPTION_399
400,1,2,MSG_QUIZ_JAPANESE_QUESTION_400,MSG_QUIZ_JAPANESE_QUESTION_DESCRIPTION_400
401,1,2,MSG_QUIZ_JAPANESE_QUESTION_401,MSG_QUIZ_JAPANESE_QUESTION_DESCRIPTION_401
402,1,2,MSG_QUIZ_JAPANESE_QUESTION_402,MSG_QUIZ_JAPANESE_QUESTION_DESCRIPTION_402
403,1,2,MSG_QUIZ_JAPANESE_QUESTION_403,MSG_QUIZ_JAPANESE_QUESTION_DESCRIPTION_403
404,1,2,MSG_QUIZ_JAPANESE_QUESTION_404,MSG_QUIZ_JAPANESE_QUESTION_DESCRIPTION_404
405,1,2,MSG_QUIZ_JAPANESE_QUESTION_405,MSG_QUIZ_JAPANESE_QUESTION_DESCRIPTION_405
406,1,2,MSG_QUIZ_JAPANESE_QUESTION_406,MSG_QUIZ_JAPANESE_QUESTION_DESCRIPTION_406
407,1,2,MSG_QUIZ_JAPANESE_QUESTION_407,MSG_QUIZ_JAPANESE_QUESTION_DESCRIPTION_407
408,1,2,MSG_QUIZ_JAPANESE_QUESTION_408,MSG_QUIZ_JAPANESE_QUESTION_DESCRIPTION_408
409,1,2,MSG_QUIZ_JAPANESE_QUESTION_409,MSG_QUIZ_JAPANESE_QUESTION_DESCRIPTION_409
410,1,2,MSG_QUIZ_JAPANESE_QUESTION_410,MSG_QUIZ_JAPANESE_QUESTION_DESCRIPTION_410
411,1,2,MSG_QUIZ_JAPANESE_QUESTION_411,MSG_QUIZ_JAPANESE_QUESTION_DESCRIPTION_411
412,1,2,MSG_QUIZ_JAPANESE_QUESTION_412,MSG_QUIZ_JAPANESE_QUESTION_DESCRIPTION_412
413,1,2,MSG_QUIZ_JAPANESE_QUESTION_413,MSG_QUIZ_JAPANESE_QUESTION_DESCRIPTION_413
414,1,2,MSG_QUIZ_JAPANESE_QUESTION_414,MSG_QUIZ_JAPANESE_QUESTION_DESCRIPTION_414
415,1,2,MSG_QUIZ_JAPANESE_QUESTION_415,MSG_QUIZ_JAPANESE_QUESTION_DESCRIPTION_415
416,1,2,MSG_QUIZ_JAPANESE_QUESTION_416,MSG_QUIZ_JAPANESE_QUESTION_DESCRIPTION_416
417,1,2,MSG_QUIZ_JAPANESE_QUESTION_417,MSG_QUIZ_JAPANESE_QUESTION_DESCRIPTION_417
418,1,2,MSG_QUIZ_JAPANESE_QUESTION_418,MSG_QUIZ_JAPANESE_QUESTION_DESCRIPTION_418
419,1,2,MSG_QUIZ_JAPANESE_QUESTION_419,MSG_QUIZ_JAPANESE_QUESTION_DESCRIPTION_419
420,1,2,MSG_QUIZ_JAPANESE_QUESTION_420,MSG_QUIZ_JAPANESE_QUESTION_DESCRIPTION_420
421,1,2,MSG_QUIZ_JAPANESE_QUESTION_421,MSG_QUIZ_JAPANESE_QUESTION_DESCRIPTION_421
422,1,2,MSG_QUIZ_JAPANESE_QUESTION_422,MSG_QUIZ_JAPANESE_QUESTION_DESCRIPTION_422
423,1,2,MSG_QUIZ_JAPANESE_QUESTION_423,MSG_QUIZ_JAPANESE_QUESTION_DESCRIPTION_423
424,1,2,MSG_QUIZ_JAPANESE_QUESTION_424,MSG_QUIZ_JAPANESE_QUESTION_DESCRIPTION_424
425,1,2,MSG_QUIZ_JAPANESE_QUESTION_425,MSG_QUIZ_JAPANESE_QUESTION_DESCRIPTION_425
426,1,2,MSG_QUIZ_JAPANESE_QUESTION_426,MSG_QUIZ_JAPANESE_QUESTION_DESCRIPTION_426
427,1,2,MSG_QUIZ_JAPANESE_QUESTION_427,MSG_QUIZ_JAPANESE_QUESTION_DESCRIPTION_427
428,1,2,MSG_QUIZ_JAPANESE_QUESTION_428,MSG_QUIZ_JAPANESE_QUESTION_DESCRIPTION_428
429,1,2,MSG_QUIZ_JAPANESE_QUESTION_429,MSG_QUIZ_JAPANESE_QUESTION_DESCRIPTION_429
430,1,2,MSG_QUIZ_JAPANESE_QUESTION_430,MSG_QUIZ_JAPANESE_QUESTION_DESCRIPTION_430
431,1,2,MSG_QUIZ_JAPANESE_QUESTION_431,MSG_QUIZ_JAPANESE_QUESTION_DESCRIPTION_431
432,1,2,MSG_QUIZ_JAPANESE_QUESTION_432,MSG_QUIZ_JAPANESE_QUESTION_DESCRIPTION_432
433,1,2,MSG_QUIZ_JAPANESE_QUESTION_433,MSG_QUIZ_JAPANESE_QUESTION_DESCRIPTION_433
434,1,2,MSG_QUIZ_JAPANESE_QUESTION_434,MSG_QUIZ_JAPANESE_QUESTION_DESCRIPTION_434
435,1,2,MSG_QUIZ_JAPANESE_QUESTION_435,MSG_QUIZ_JAPANESE_QUESTION_DESCRIPTION_435
436,1,2,MSG_QUIZ_JAPANESE_QUESTION_436,MSG_QUIZ_JAPANESE_QUESTION_DESCRIPTION_436
437,1,2,MSG_QUIZ_JAPANESE_QUESTION_437,MSG_QUIZ_JAPANESE_QUESTION_DESCRIPTION_437
438,1,2,MSG_QUIZ_JAPANESE_QUESTION_438,MSG_QUIZ_JAPANESE_QUESTION_DESCRIPTION_438
439,1,2,MSG_QUIZ_JAPANESE_QUESTION_439,MSG_QUIZ_JAPANESE_QUESTION_DESCRIPTION_439
440,1,2,MSG_QUIZ_JAPANESE_QUESTION_440,MSG_QUIZ_JAPANESE_QUESTION_DESCRIPTION_440
441,1,2,MSG_QUIZ_JAPANESE_QUESTION_441,MSG_QUIZ_JAPANESE_QUESTION_DESCRIPTION_441
442,1,2,MSG_QUIZ_JAPANESE_QUESTION_442,MSG_QUIZ_JAPANESE_QUESTION_DESCRIPTION_442
443,1,2,MSG_QUIZ_JAPANESE_QUESTION_443,MSG_QUIZ_JAPANESE_QUESTION_DESCRIPTION_443
444,1,2,MSG_QUIZ_JAPANESE_QUESTION_444,MSG_QUIZ_JAPANESE_QUESTION_DESCRIPTION_444
445,1,2,MSG_QUIZ_JAPANESE_QUESTION_445,MSG_QUIZ_JAPANESE_QUESTION_DESCRIPTION_445
446,1,2,MSG_QUIZ_JAPANESE_QUESTION_446,MSG_QUIZ_JAPANESE_QUESTION_DESCRIPTION_446
447,1,2,MSG_QUIZ_JAPANESE_QUESTION_447,MSG_QUIZ_JAPANESE_QUESTION_DESCRIPTION_447
448,1,2,MSG_QUIZ_JAPANESE_QUESTION_448,MSG_QUIZ_JAPANESE_QUESTION_DESCRIPTION_448
449,1,2,MSG_QUIZ_JAPANESE_QUESTION_449,MSG_QUIZ_JAPANESE_QUESTION_DESCRIPTION_449
450,1,2,MSG_QUIZ_JAPANESE_QUESTION_450,MSG_QUIZ_JAPANESE_QUESTION_DESCRIPTION_450
451,1,2,MSG_QUIZ_JAPANESE_QUESTION_451,MSG_QUIZ_JAPANESE_QUESTION_DESCRIPTION_451
452,1,2,MSG_QUIZ_JAPANESE_QUESTION_452,MSG_QUIZ_JAPANESE_QUESTION_DESCRIPTION_452
453,1,2,MSG_QUIZ_JAPANESE_QUESTION_453,MSG_QUIZ_JAPANESE_QUESTION_DESCRIPTION_453
454,1,2,MSG_QUIZ_JAPANESE_QUESTION_454,MSG_QUIZ_JAPANESE_QUESTION_DESCRIPTION_454
455,1,2,MSG_QUIZ_JAPANESE_QUESTION_455,MSG_QUIZ_JAPANESE_QUESTION_DESCRIPTION_455
456,1,2,MSG_QUIZ_JAPANESE_QUESTION_456,MSG_QUIZ_JAPANESE_QUESTION_DESCRIPTION_456
457,1,2,MSG_QUIZ_JAPANESE_QUESTION_457,MSG_QUIZ_JAPANESE_QUESTION_DESCRIPTION_457
458,1,2,MSG_QUIZ_JAPANESE_QUESTION_458,MSG_QUIZ_JAPANESE_QUESTION_DESCRIPTION_458
459,1,2,MSG_QUIZ_JAPANESE_QUESTION_459,MSG_QUIZ_JAPANESE_QUESTION_DESCRIPTION_459
460,1,2,MSG_QUIZ_JAPANESE_QUESTION_460,MSG_QUIZ_JAPANESE_QUESTION_DESCRIPTION_460
461,1,2,MSG_QUIZ_JAPANESE_QUESTION_461,MSG_QUIZ_JAPANESE_QUESTION_DESCRIPTION_461
462,1,2,MSG_QUIZ_JAPANESE_QUESTION_462,MSG_QUIZ_JAPANESE_QUESTION_DESCRIPTION_462
463,1,2,MSG_QUIZ_JAPANESE_QUESTION_463,MSG_QUIZ_JAPANESE_QUESTION_DESCRIPTION_463
464,1,2,MSG_QUIZ_JAPANESE_QUESTION_464,MSG_QUIZ_JAPANESE_QUESTION_DESCRIPTION_464
465,1,2,MSG_QUIZ_JAPANESE_QUESTION_465,MSG_QUIZ_JAPANESE_QUESTION_DESCRIPTION_465
466,1,2,MSG_QUIZ_JAPANESE_QUESTION_466,MSG_QUIZ_JAPANESE_QUESTION_DESCRIPTION_466
467,1,2,MSG_QUIZ_JAPANESE_QUESTION_467,MSG_QUIZ_JAPANESE_QUESTION_DESCRIPTION_467
468,1,2,MSG_QUIZ_JAPANESE_QUESTION_468,MSG_QUIZ_JAPANESE_QUESTION_DESCRIPTION_468
469,1,2,MSG_QUIZ_JAPANESE_QUESTION_469,MSG_QUIZ_JAPANESE_QUESTION_DESCRIPTION_469
470,1,2,MSG_QUIZ_JAPANESE_QUESTION_470,MSG_QUIZ_JAPANESE_QUESTION_DESCRIPTION_470
471,1,2,MSG_QUIZ_JAPANESE_QUESTION_471,MSG_QUIZ_JAPANESE_QUESTION_DESCRIPTION_471
472,1,2,MSG_QUIZ_JAPANESE_QUESTION_472,MSG_QUIZ_JAPANESE_QUESTION_DESCRIPTION_472
473,1,2,MSG_QUIZ_JAPANESE_QUESTION_473,MSG_QUIZ_JAPANESE_QUESTION_DESCRIPTION_473
474,1,2,MSG_QUIZ_JAPANESE_QUESTION_474,MSG_QUIZ_JAPANESE_QUESTION_DESCRIPTION_474
475,1,2,MSG_QUIZ_JAPANESE_QUESTION_475,MSG_QUIZ_JAPANESE_QUESTION_DESCRIPTION_475
476,1,2,MSG_QUIZ_JAPANESE_QUESTION_476,MSG_QUIZ_JAPANESE_QUESTION_DESCRIPTION_476
477,1,2,MSG_QUIZ_JAPANESE_QUESTION_477,MSG_QUIZ_JAPANESE_QUESTION_DESCRIPTION_477
478,1,2,MSG_QUIZ_JAPANESE_QUESTION_478,MSG_QUIZ_JAPANESE_QUESTION_DESCRIPTION_478
479,1,2,MSG_QUIZ_JAPANESE_QUESTION_479,MSG_QUIZ_JAPANESE_QUESTION_DESCRIPTION_479
480,1,2,MSG_QUIZ_JAPANESE_QUESTION_480,MSG_QUIZ_JAPANESE_QUESTION_DESCRIPTION_480
481,1,2,MSG_QUIZ_JAPANESE_QUESTION_481,MSG_QUIZ_JAPANESE_QUESTION_DESCRIPTION_481
482,1,2,MSG_QUIZ_JAPANESE_QUESTION_482,MSG_QUIZ_JAPANESE_QUESTION_DESCRIPTION_482
483,1,2,MSG_QUIZ_JAPANESE_QUESTION_483,MSG_QUIZ_JAPANESE_QUESTION_DESCRIPTION_483
484,1,2,MSG_QUIZ_JAPANESE_QUESTION_484,MSG_QUIZ_JAPANESE_QUESTION_DESCRIPTION_484
485,1,2,MSG_QUIZ_JAPANESE_QUESTION_485,MSG_QUIZ_JAPANESE_QUESTION_DESCRIPTION_485
486,1,2,MSG_QUIZ_JAPANESE_QUESTION_486,MSG_QUIZ_JAPANESE_QUESTION_DESCRIPTION_486
487,1,2,MSG_QUIZ_JAPANESE_QUESTION_487,MSG_QUIZ_JAPANESE_QUESTION_DESCRIPTION_487
488,1,2,MSG_QUIZ_JAPANESE_QUESTION_488,MSG_QUIZ_JAPANESE_QUESTION_DESCRIPTION_488
489,1,2,MSG_QUIZ_JAPANESE_QUESTION_489,MSG_QUIZ_JAPANESE_QUESTION_DESCRIPTION_489
490,1,2,MSG_QUIZ_JAPANESE_QUESTION_490,MSG_QUIZ_JAPANESE_QUESTION_DESCRIPTION_490
491,1,2,MSG_QUIZ_JAPANESE_QUESTION_491,MSG_QUIZ_JAPANESE_QUESTION_DESCRIPTION_491
492,1,2,MSG_QUIZ_JAPANESE_QUESTION_492,MSG_QUIZ_JAPANESE_QUESTION_DESCRIPTION_492
493,1,2,MSG_QUIZ_JAPANESE_QUESTION_493,MSG_QUIZ_JAPANESE_QUESTION_DESCRIPTION_493
494,1,2,MSG_QUIZ_JAPANESE_QUESTION_494,MSG_QUIZ_JAPANESE_QUESTION_DESCRIPTION_494
495,1,2,MSG_QUIZ_JAPANESE_QUESTION_495,MSG_QUIZ_JAPANESE_QUESTION_DESCRIPTION_495
496,1,2,MSG_QUIZ_JAPANESE_QUESTION_496,MSG_QUIZ_JAPANESE_QUESTION_DESCRIPTION_496
497,1,2,MSG_QUIZ_JAPANESE_QUESTION_497,MSG_QUIZ_JAPANESE_QUESTION_DESCRIPTION_497
498,1,2,MSG_QUIZ_JAPANESE_QUESTION_498,MSG_QUIZ_JAPANESE_QUESTION_DESCRIPTION_498
499,1,2,MSG_QUIZ_JAPANESE_QUESTION_499,MSG_QUIZ_JAPANESE_QUESTION_DESCRIPTION_499
500,1,2,MSG_QUIZ_JAPANESE_QUESTION_500,MSG_QUIZ_JAPANESE_QUESTION_DESCRIPTION_500
501,1,2,MSG_QUIZ_JAPANESE_QUESTION_501,MSG_QUIZ_JAPANESE_QUESTION_DESCRIPTION_501
502,1,2,MSG_QUIZ_JAPANESE_QUESTION_502,MSG_QUIZ_JAPANESE_QUESTION_DESCRIPTION_502
503,1,2,MSG_QUIZ_JAPANESE_QUESTION_503,MSG_QUIZ_JAPANESE_QUESTION_DESCRIPTION_503
504,1,2,MSG_QUIZ_JAPANESE_QUESTION_504,MSG_QUIZ_JAPANESE_QUESTION_DESCRIPTION_504
505,1,2,MSG_QUIZ_JAPANESE_QUESTION_505,MSG_QUIZ_JAPANESE_QUESTION_DESCRIPTION_505
506,1,2,MSG_QUIZ_JAPANESE_QUESTION_506,MSG_QUIZ_JAPANESE_QUESTION_DESCRIPTION_506
507,1,2,MSG_QUIZ_JAPANESE_QUESTION_507,MSG_QUIZ_JAPANESE_QUESTION_DESCRIPTION_507
508,1,2,MSG_QUIZ_JAPANESE_QUESTION_508,MSG_QUIZ_JAPANESE_QUESTION_DESCRIPTION_508
509,1,2,MSG_QUIZ_JAPANESE_QUESTION_509,MSG_QUIZ_JAPANESE_QUESTION_DESCRIPTION_509
510,1,2,MSG_QUIZ_JAPANESE_QUESTION_510,MSG_QUIZ_JAPANESE_QUESTION_DESCRIPTION_510
511,1,2,MSG_QUIZ_JAPANESE_QUESTION_511,MSG_QUIZ_JAPANESE_QUESTION_DESCRIPTION_511
512,1,2,MSG_QUIZ_JAPANESE_QUESTION_512,MSG_QUIZ_JAPANESE_QUESTION_DESCRIPTION_512
513,1,2,MSG_QUIZ_JAPANESE_QUESTION_513,MSG_QUIZ_JAPANESE_QUESTION_DESCRIPTION_513
514,1,2,MSG_QUIZ_JAPANESE_QUESTION_514,MSG_QUIZ_JAPANESE_QUESTION_DESCRIPTION_514
515,1,2,MSG_QUIZ_JAPANESE_QUESTION_515,MSG_QUIZ_JAPANESE_QUESTION_DESCRIPTION_515
516,1,2,MSG_QUIZ_JAPANESE_QUESTION_516,MSG_QUIZ_JAPANESE_QUESTION_DESCRIPTION_516
517,1,2,MSG_QUIZ_JAPANESE_QUESTION_517,MSG_QUIZ_JAPANESE_QUESTION_DESCRIPTION_517
518,1,2,MSG_QUIZ_JAPANESE_QUESTION_518,MSG_QUIZ_JAPANESE_QUESTION_DESCRIPTION_518
519,1,2,MSG_QUIZ_JAPANESE_QUESTION_519,MSG_QUIZ_JAPANESE_QUESTION_DESCRIPTION_519
520,1,2,MSG_QUIZ_JAPANESE_QUESTION_520,MSG_QUIZ_JAPANESE_QUESTION_DESCRIPTION_520
521,1,2,MSG_QUIZ_JAPANESE_QUESTION_521,MSG_QUIZ_JAPANESE_QUESTION_DESCRIPTION_521
522,1,2,MSG_QUIZ_JAPANESE_QUESTION_522,MSG_QUIZ_JAPANESE_QUESTION_DESCRIPTION_522
523,1,2,MSG_QUIZ_JAPANESE_QUESTION_523,MSG_QUIZ_JAPANESE_QUESTION_DESCRIPTION_523
524,1,2,MSG_QUIZ_JAPANESE_QUESTION_524,MSG_QUIZ_JAPANESE_QUESTION_DESCRIPTION_524
525,1,2,MSG_QUIZ_JAPANESE_QUESTION_525,MSG_QUIZ_JAPANESE_QUESTION_DESCRIPTION_525
526,1,2,MSG_QUIZ_JAPANESE_QUESTION_526,MSG_QUIZ_JAPANESE_QUESTION_DESCRIPTION_526
527,1,2,MSG_QUIZ_JAPANESE_QUESTION_527,MSG_QUIZ_JAPANESE_QUESTION_DESCRIPTION_527
528,1,2,MSG_QUIZ_JAPANESE_QUESTION_528,MSG_QUIZ_JAPANESE_QUESTION_DESCRIPTION_528
529,1,2,MSG_QUIZ_JAPANESE_QUESTION_529,MSG_QUIZ_JAPANESE_QUESTION_DESCRIPTION_529
530,1,2,MSG_QUIZ_JAPANESE_QUESTION_530,MSG_QUIZ_JAPANESE_QUESTION_DESCRIPTION_530
531,1,2,MSG_QUIZ_JAPANESE_QUESTION_531,MSG_QUIZ_JAPANESE_QUESTION_DESCRIPTION_531
532,1,2,MSG_QUIZ_JAPANESE_QUESTION_532,MSG_QUIZ_JAPANESE_QUESTION_DESCRIPTION_532
533,1,2,MSG_QUIZ_JAPANESE_QUESTION_533,MSG_QUIZ_JAPANESE_QUESTION_DESCRIPTION_533
534,1,2,MSG_QUIZ_JAPANESE_QUESTION_534,MSG_QUIZ_JAPANESE_QUESTION_DESCRIPTION_534
535,1,2,MSG_QUIZ_JAPANESE_QUESTION_535,MSG_QUIZ_JAPANESE_QUESTION_DESCRIPTION_535
536,1,2,MSG_QUIZ_JAPANESE_QUESTION_536,MSG_QUIZ_JAPANESE_QUESTION_DESCRIPTION_536
537,1,2,MSG_QUIZ_JAPANESE_QUESTION_537,MSG_QUIZ_JAPANESE_QUESTION_DESCRIPTION_537
538,1,2,MSG_QUIZ_JAPANESE_QUESTION_538,MSG_QUIZ_JAPANESE_QUESTION_DESCRIPTION_538
539,1,2,MSG_QUIZ_JAPANESE_QUESTION_539,MSG_QUIZ_JAPANESE_QUESTION_DESCRIPTION_539
540,1,2,MSG_QUIZ_JAPANESE_QUESTION_540,MSG_QUIZ_JAPANESE_QUESTION_DESCRIPTION_540
541,1,2,MSG_QUIZ_JAPANESE_QUESTION_541,MSG_QUIZ_JAPANESE_QUESTION_DESCRIPTION_541
542,1,2,MSG_QUIZ_JAPANESE_QUESTION_542,MSG_QUIZ_JAPANESE_QUESTION_DESCRIPTION_542
543,1,2,MSG_QUIZ_JAPANESE_QUESTION_543,MSG_QUIZ_JAPANESE_QUESTION_DESCRIPTION_543
544,1,2,MSG_QUIZ_JAPANESE_QUESTION_544,MSG_QUIZ_JAPANESE_QUESTION_DESCRIPTION_544
545,1,2,MSG_QUIZ_JAPANESE_QUESTION_545,MSG_QUIZ_JAPANESE_QUESTION_DESCRIPTION_545
546,1,2,MSG_QUIZ_JAPANESE_QUESTION_546,MSG_QUIZ_JAPANESE_QUESTION_DESCRIPTION_546
547,1,2,MSG_QUIZ_JAPANESE_QUESTION_547,MSG_QUIZ_JAPANESE_QUESTION_DESCRIPTION_547
548,1,2,MSG_QUIZ_JAPANESE_QUESTION_548,MSG_QUIZ_JAPANESE_QUESTION_DESCRIPTION_548
549,1,2,MSG_QUIZ_JAPANESE_QUESTION_549,MSG_QUIZ_JAPANESE_QUESTION_DESCRIPTION_549
550,1,2,MSG_QUIZ_JAPANESE_QUESTION_550,MSG_QUIZ_JAPANESE_QUESTION_DESCRIPTION_550
551,1,2,MSG_QUIZ_JAPANESE_QUESTION_551,MSG_QUIZ_JAPANESE_QUESTION_DESCRIPTION_551
552,1,2,MSG_QUIZ_JAPANESE_QUESTION_552,MSG_QUIZ_JAPANESE_QUESTION_DESCRIPTION_552
553,1,2,MSG_QUIZ_JAPANESE_QUESTION_553,MSG_QUIZ_JAPANESE_QUESTION_DESCRIPTION_553
554,1,2,MSG_QUIZ_JAPANESE_QUESTION_554,MSG_QUIZ_JAPANESE_QUESTION_DESCRIPTION_554
555,1,2,MSG_QUIZ_JAPANESE_QUESTION_555,MSG_QUIZ_JAPANESE_QUESTION_DESCRIPTION_555
556,1,2,MSG_QUIZ_JAPANESE_QUESTION_556,MSG_QUIZ_JAPANESE_QUESTION_DESCRIPTION_556
557,1,2,MSG_QUIZ_JAPANESE_QUESTION_557,MSG_QUIZ_JAPANESE_QUESTION_DESCRIPTION_557
558,1,2,MSG_QUIZ_JAPANESE_QUESTION_558,MSG_QUIZ_JAPANESE_QUESTION_DESCRIPTION_558
559,1,2,MSG_QUIZ_JAPANESE_QUESTION_559,MSG_QUIZ_JAPANESE_QUESTION_DESCRIPTION_559
560,1,2,MSG_QUIZ_JAPANESE_QUESTION_560,MSG_QUIZ_JAPANESE_QUESTION_DESCRIPTION_560
561,1,2,MSG_QUIZ_JAPANESE_QUESTION_561,MSG_QUIZ_JAPANESE_QUESTION_DESCRIPTION_561
562,1,2,MSG_QUIZ_JAPANESE_QUESTION_562,MSG_QUIZ_JAPANESE_QUESTION_DESCRIPTION_562
563,1,2,MSG_QUIZ_JAPANESE_QUESTION_563,MSG_QUIZ_JAPANESE_QUESTION_DESCRIPTION_563
564,1,2,MSG_QUIZ_JAPANESE_QUESTION_564,MSG_QUIZ_JAPANESE_QUESTION_DESCRIPTION_564
565,1,2,MSG_QUIZ_JAPANESE_QUESTION_565,MSG_QUIZ_JAPANESE_QUESTION_DESCRIPTION_565
566,1,2,MSG_QUIZ_JAPANESE_QUESTION_566,MSG_QUIZ_JAPANESE_QUESTION_DESCRIPTION_566
567,1,2,MSG_QUIZ_JAPANESE_QUESTION_567,MSG_QUIZ_JAPANESE_QUESTION_DESCRIPTION_567
568,1,2,MSG_QUIZ_JAPANESE_QUESTION_568,MSG_QUIZ_JAPANESE_QUESTION_DESCRIPTION_568
569,1,2,MSG_QUIZ_JAPANESE_QUESTION_569,MSG_QUIZ_JAPANESE_QUESTION_DESCRIPTION_569
570,1,2,MSG_QUIZ_JAPANESE_QUESTION_570,MSG_QUIZ_JAPANESE_QUESTION_DESCRIPTION_570
571,1,2,MSG_QUIZ_JAPANESE_QUESTION_571,MSG_QUIZ_JAPANESE_QUESTION_DESCRIPTION_571
572,1,2,MSG_QUIZ_JAPANESE_QUESTION_572,MSG_QUIZ_JAPANESE_QUESTION_DESCRIPTION_572
573,1,2,MSG_QUIZ_JAPANESE_QUESTION_573,MSG_QUIZ_JAPANESE_QUESTION_DESCRIPTION_573
574,1,2,MSG_QUIZ_JAPANESE_QUESTION_574,MSG_QUIZ_JAPANESE_QUESTION_DESCRIPTION_574
575,1,2,MSG_QUIZ_JAPANESE_QUESTION_575,MSG_QUIZ_JAPANESE_QUESTION_DESCRIPTION_575
576,1,2,MSG_QUIZ_JAPANESE_QUESTION_576,MSG_QUIZ_JAPANESE_QUESTION_DESCRIPTION_576
577,1,2,MSG_QUIZ_JAPANESE_QUESTION_577,MSG_QUIZ_JAPANESE_QUESTION_DESCRIPTION_577
578,1,2,MSG_QUIZ_JAPANESE_QUESTION_578,MSG_QUIZ_JAPANESE_QUESTION_DESCRIPTION_578
579,1,2,MSG_QUIZ_JAPANESE_QUESTION_579,MSG_QUIZ_JAPANESE_QUESTION_DESCRIPTION_579
580,1,2,MSG_QUIZ_JAPANESE_QUESTION_580,MSG_QUIZ_JAPANESE_QUESTION_DESCRIPTION_580
581,1,2,MSG_QUIZ_JAPANESE_QUESTION_581,MSG_QUIZ_JAPANESE_QUESTION_DESCRIPTION_581
582,1,2,MSG_QUIZ_JAPANESE_QUESTION_582,MSG_QUIZ_JAPANESE_QUESTION_DESCRIPTION_582
583,1,2,MSG_QUIZ_JAPANESE_QUESTION_583,MSG_QUIZ_JAPANESE_QUESTION_DESCRIPTION_583
584,1,2,MSG_QUIZ_JAPANESE_QUESTION_584,MSG_QUIZ_JAPANESE_QUESTION_DESCRIPTION_584
585,1,2,MSG_QUIZ_JAPANESE_QUESTION_585,MSG_QUIZ_JAPANESE_QUESTION_DESCRIPTION_585
586,1,2,MSG_QUIZ_JAPANESE_QUESTION_586,MSG_QUIZ_JAPANESE_QUESTION_DESCRIPTION_586
587,1,2,MSG_QUIZ_JAPANESE_QUESTION_587,MSG_QUIZ_JAPANESE_QUESTION_DESCRIPTION_587
588,1,2,MSG_QUIZ_JAPANESE_QUESTION_588,MSG_QUIZ_JAPANESE_QUESTION_DESCRIPTION_588
589,1,2,MSG_QUIZ_JAPANESE_QUESTION_589,MSG_QUIZ_JAPANESE_QUESTION_DESCRIPTION_589
590,1,2,MSG_QUIZ_JAPANESE_QUESTION_590,MSG_QUIZ_JAPANESE_QUESTION_DESCRIPTION_590
591,1,2,MSG_QUIZ_JAPANESE_QUESTION_591,MSG_QUIZ_JAPANESE_QUESTION_DESCRIPTION_591
592,1,2,MSG_QUIZ_JAPANESE_QUESTION_592,MSG_QUIZ_JAPANESE_QUESTION_DESCRIPTION_592
593,1,2,MSG_QUIZ_JAPANESE_QUESTION_593,MSG_QUIZ_JAPANESE_QUESTION_DESCRIPTION_593
594,1,2,MSG_QUIZ_JAPANESE_QUESTION_594,MSG_QUIZ_JAPANESE_QUESTION_DESCRIPTION_594
595,1,2,MSG_QUIZ_JAPANESE_QUESTION_595,MSG_QUIZ_JAPANESE_QUESTION_DESCRIPTION_595
596,1,2,MSG_QUIZ_JAPANESE_QUESTION_596,MSG_QUIZ_JAPANESE_QUESTION_DESCRIPTION_596
597,1,2,MSG_QUIZ_JAPANESE_QUESTION_597,MSG_QUIZ_JAPANESE_QUESTION_DESCRIPTION_597
598,1,2,MSG_QUIZ_JAPANESE_QUESTION_598,MSG_QUIZ_JAPANESE_QUESTION_DESCRIPTION_598
599,1,2,MSG_QUIZ_JAPANESE_QUESTION_599,MSG_QUIZ_JAPANESE_QUESTION_DESCRIPTION_599
600,1,2,MSG_QUIZ_JAPANESE_QUESTION_600,MSG_QUIZ_JAPANESE_QUESTION_DESCRIPTION_600
601,1,2,MSG_QUIZ_JAPANESE_QUESTION_601,MSG_QUIZ_JAPANESE_QUESTION_DESCRIPTION_601
602,1,2,MSG_QUIZ_JAPANESE_QUESTION_602,MSG_QUIZ_JAPANESE_QUESTION_DESCRIPTION_602
603,1,2,MSG_QUIZ_JAPANESE_QUESTION_603,MSG_QUIZ_JAPANESE_QUESTION_DESCRIPTION_603
604,1,2,MSG_QUIZ_JAPANESE_QUESTION_604,MSG_QUIZ_JAPANESE_QUESTION_DESCRIPTION_604
605,1,2,MSG_QUIZ_JAPANESE_QUESTION_605,MSG_QUIZ_JAPANESE_QUESTION_DESCRIPTION_605
606,1,2,MSG_QUIZ_JAPANESE_QUESTION_606,MSG_QUIZ_JAPANESE_QUESTION_DESCRIPTION_606
607,1,2,MSG_QUIZ_JAPANESE_QUESTION_607,MSG_QUIZ_JAPANESE_QUESTION_DESCRIPTION_607
608,1,2,MSG_QUIZ_JAPANESE_QUESTION_608,MSG_QUIZ_JAPANESE_QUESTION_DESCRIPTION_608
609,1,2,MSG_QUIZ_JAPANESE_QUESTION_609,MSG_QUIZ_JAPANESE_QUESTION_DESCRIPTION_609
610,1,2,MSG_QUIZ_JAPANESE_QUESTION_610,MSG_QUIZ_JAPANESE_QUESTION_DESCRIPTION_610
611,1,2,MSG_QUIZ_JAPANESE_QUESTION_611,MSG_QUIZ_JAPANESE_QUESTION_DESCRIPTION_611
612,1,2,MSG_QUIZ_JAPANESE_QUESTION_612,MSG_QUIZ_JAPANESE_QUESTION_DESCRIPTION_612
613,1,2,MSG_QUIZ_JAPANESE_QUESTION_613,MSG_QUIZ_JAPANESE_QUESTION_DESCRIPTION_613
614,1,2,MSG_QUIZ_JAPANESE_QUESTION_614,MSG_QUIZ_JAPANESE_QUESTION_DESCRIPTION_614
615,1,2,MSG_QUIZ_JAPANESE_QUESTION_615,MSG_QUIZ_JAPANESE_QUESTION_DESCRIPTION_615
616,1,2,MSG_QUIZ_JAPANESE_QUESTION_616,MSG_QUIZ_JAPANESE_QUESTION_DESCRIPTION_616
617,1,2,MSG_QUIZ_JAPANESE_QUESTION_617,MSG_QUIZ_JAPANESE_QUESTION_DESCRIPTION_617
618,1,2,MSG_QUIZ_JAPANESE_QUESTION_618,MSG_QUIZ_JAPANESE_QUESTION_DESCRIPTION_618
619,1,2,MSG_QUIZ_JAPANESE_QUESTION_619,MSG_QUIZ_JAPANESE_QUESTION_DESCRIPTION_619
620,1,2,MSG_QUIZ_JAPANESE_QUESTION_620,MSG_QUIZ_JAPANESE_QUESTION_DESCRIPTION_620
621,1,3,MSG_QUIZ_JAPANESE_QUESTION_621,MSG_QUIZ_JAPANESE_QUESTION_DESCRIPTION_621
622,1,3,MSG_QUIZ_JAPANESE_QUESTION_622,MSG_QUIZ_JAPANESE_QUESTION_DESCRIPTION_622
623,1,3,MSG_QUIZ_JAPANESE_QUESTION_623,MSG_QUIZ_JAPANESE_QUESTION_DESCRIPTION_623
624,1,3,MSG_QUIZ_JAPANESE_QUESTION_624,MSG_QUIZ_JAPANESE_QUESTION_DESCRIPTION_624
625,1,3,MSG_QUIZ_JAPANESE_QUESTION_625,MSG_QUIZ_JAPANESE_QUESTION_DESCRIPTION_625
626,1,3,MSG_QUIZ_JAPANESE_QUESTION_626,MSG_QUIZ_JAPANESE_QUESTION_DESCRIPTION_626
627,1,3,MSG_QUIZ_JAPANESE_QUESTION_627,MSG_QUIZ_JAPANESE_QUESTION_DESCRIPTION_627
628,1,3,MSG_QUIZ_JAPANESE_QUESTION_628,MSG_QUIZ_JAPANESE_QUESTION_DESCRIPTION_628
629,1,3,MSG_QUIZ_JAPANESE_QUESTION_629,MSG_QUIZ_JAPANESE_QUESTION_DESCRIPTION_629
630,1,3,MSG_QUIZ_JAPANESE_QUESTION_630,MSG_QUIZ_JAPANESE_QUESTION_DESCRIPTION_630
631,1,3,MSG_QUIZ_JAPANESE_QUESTION_631,MSG_QUIZ_JAPANESE_QUESTION_DESCRIPTION_631
632,1,3,MSG_QUIZ_JAPANESE_QUESTION_632,MSG_QUIZ_JAPANESE_QUESTION_DESCRIPTION_632
633,1,3,MSG_QUIZ_JAPANESE_QUESTION_633,MSG_QUIZ_JAPANESE_QUESTION_DESCRIPTION_633
634,1,3,MSG_QUIZ_JAPANESE_QUESTION_634,MSG_QUIZ_JAPANESE_QUESTION_DESCRIPTION_634
635,1,3,MSG_QUIZ_JAPANESE_QUESTION_635,MSG_QUIZ_JAPANESE_QUESTION_DESCRIPTION_635
636,1,3,MSG_QUIZ_JAPANESE_QUESTION_636,MSG_QUIZ_JAPANESE_QUESTION_DESCRIPTION_636
637,1,3,MSG_QUIZ_JAPANESE_QUESTION_637,MSG_QUIZ_JAPANESE_QUESTION_DESCRIPTION_637
638,1,3,MSG_QUIZ_JAPANESE_QUESTION_638,MSG_QUIZ_JAPANESE_QUESTION_DESCRIPTION_638
639,1,3,MSG_QUIZ_JAPANESE_QUESTION_639,MSG_QUIZ_JAPANESE_QUESTION_DESCRIPTION_639
640,1,3,MSG_QUIZ_JAPANESE_QUESTION_640,MSG_QUIZ_JAPANESE_QUESTION_DESCRIPTION_640
641,1,3,MSG_QUIZ_JAPANESE_QUESTION_641,MSG_QUIZ_JAPANESE_QUESTION_DESCRIPTION_641
642,1,3,MSG_QUIZ_JAPANESE_QUESTION_642,MSG_QUIZ_JAPANESE_QUESTION_DESCRIPTION_642
643,1,3,MSG_QUIZ_JAPANESE_QUESTION_643,MSG_QUIZ_JAPANESE_QUESTION_DESCRIPTION_643
644,1,3,MSG_QUIZ_JAPANESE_QUESTION_644,MSG_QUIZ_JAPANESE_QUESTION_DESCRIPTION_644
645,1,3,MSG_QUIZ_JAPANESE_QUESTION_645,MSG_QUIZ_JAPANESE_QUESTION_DESCRIPTION_645
646,1,3,MSG_QUIZ_JAPANESE_QUESTION_646,MSG_QUIZ_JAPANESE_QUESTION_DESCRIPTION_646
647,1,3,MSG_QUIZ_JAPANESE_QUESTION_647,MSG_QUIZ_JAPANESE_QUESTION_DESCRIPTION_647
648,1,3,MSG_QUIZ_JAPANESE_QUESTION_648,MSG_QUIZ_JAPANESE_QUESTION_DESCRIPTION_648
649,1,3,MSG_QUIZ_JAPANESE_QUESTION_649,MSG_QUIZ_JAPANESE_QUESTION_DESCRIPTION_649
650,1,3,MSG_QUIZ_JAPANESE_QUESTION_650,MSG_QUIZ_JAPANESE_QUESTION_DESCRIPTION_650
651,1,3,MSG_QUIZ_JAPANESE_QUESTION_651,MSG_QUIZ_JAPANESE_QUESTION_DESCRIPTION_651
652,1,3,MSG_QUIZ_JAPANESE_QUESTION_652,MSG_QUIZ_JAPANESE_QUESTION_DESCRIPTION_652
653,1,3,MSG_QUIZ_JAPANESE_QUESTION_653,MSG_QUIZ_JAPANESE_QUESTION_DESCRIPTION_653
654,1,3,MSG_QUIZ_JAPANESE_QUESTION_654,MSG_QUIZ_JAPANESE_QUESTION_DESCRIPTION_654
655,1,3,MSG_QUIZ_JAPANESE_QUESTION_655,MSG_QUIZ_JAPANESE_QUESTION_DESCRIPTION_655
656,1,3,MSG_QUIZ_JAPANESE_QUESTION_656,MSG_QUIZ_JAPANESE_QUESTION_DESCRIPTION_656
657,1,3,MSG_QUIZ_JAPANESE_QUESTION_657,MSG_QUIZ_JAPANESE_QUESTION_DESCRIPTION_657
658,1,3,MSG_QUIZ_JAPANESE_QUESTION_658,MSG_QUIZ_JAPANESE_QUESTION_DESCRIPTION_658
659,1,3,MSG_QUIZ_JAPANESE_QUESTION_659,MSG_QUIZ_JAPANESE_QUESTION_DESCRIPTION_659
660,1,3,MSG_QUIZ_JAPANESE_QUESTION_660,MSG_QUIZ_JAPANESE_QUESTION_DESCRIPTION_660
661,1,3,MSG_QUIZ_JAPANESE_QUESTION_661,MSG_QUIZ_JAPANESE_QUESTION_DESCRIPTION_661
662,1,3,MSG_QUIZ_JAPANESE_QUESTION_662,MSG_QUIZ_JAPANESE_QUESTION_DESCRIPTION_662
663,1,3,MSG_QUIZ_JAPANESE_QUESTION_663,MSG_QUIZ_JAPANESE_QUESTION_DESCRIPTION_663
664,1,3,MSG_QUIZ_JAPANESE_QUESTION_664,MSG_QUIZ_JAPANESE_QUESTION_DESCRIPTION_664
665,1,3,MSG_QUIZ_JAPANESE_QUESTION_665,MSG_QUIZ_JAPANESE_QUESTION_DESCRIPTION_665
666,1,3,MSG_QUIZ_JAPANESE_QUESTION_666,MSG_QUIZ_JAPANESE_QUESTION_DESCRIPTION_666
667,1,3,MSG_QUIZ_JAPANESE_QUESTION_667,MSG_QUIZ_JAPANESE_QUESTION_DESCRIPTION_667
668,1,3,MSG_QUIZ_JAPANESE_QUESTION_668,MSG_QUIZ_JAPANESE_QUESTION_DESCRIPTION_668
669,1,3,MSG_QUIZ_JAPANESE_QUESTION_669,MSG_QUIZ_JAPANESE_QUESTION_DESCRIPTION_669
670,1,3,MSG_QUIZ_JAPANESE_QUESTION_670,MSG_QUIZ_JAPANESE_QUESTION_DESCRIPTION_670
671,1,3,MSG_QUIZ_JAPANESE_QUESTION_671,MSG_QUIZ_JAPANESE_QUESTION_DESCRIPTION_671
672,1,3,MSG_QUIZ_JAPANESE_QUESTION_672,MSG_QUIZ_JAPANESE_QUESTION_DESCRIPTION_672
673,1,3,MSG_QUIZ_JAPANESE_QUESTION_673,MSG_QUIZ_JAPANESE_QUESTION_DESCRIPTION_673
674,1,3,MSG_QUIZ_JAPANESE_QUESTION_674,MSG_QUIZ_JAPANESE_QUESTION_DESCRIPTION_674
675,1,3,MSG_QUIZ_JAPANESE_QUESTION_675,MSG_QUIZ_JAPANESE_QUESTION_DESCRIPTION_675
676,1,3,MSG_QUIZ_JAPANESE_QUESTION_676,MSG_QUIZ_JAPANESE_QUESTION_DESCRIPTION_676
677,1,3,MSG_QUIZ_JAPANESE_QUESTION_677,MSG_QUIZ_JAPANESE_QUESTION_DESCRIPTION_677
678,1,3,MSG_QUIZ_JAPANESE_QUESTION_678,MSG_QUIZ_JAPANESE_QUESTION_DESCRIPTION_678
679,1,3,MSG_QUIZ_JAPANESE_QUESTION_679,MSG_QUIZ_JAPANESE_QUESTION_DESCRIPTION_679
680,1,3,MSG_QUIZ_JAPANESE_QUESTION_680,MSG_QUIZ_JAPANESE_QUESTION_DESCRIPTION_680
681,1,3,MSG_QUIZ_JAPANESE_QUESTION_681,MSG_QUIZ_JAPANESE_QUESTION_DESCRIPTION_681
682,1,3,MSG_QUIZ_JAPANESE_QUESTION_682,MSG_QUIZ_JAPANESE_QUESTION_DESCRIPTION_682
683,1,3,MSG_QUIZ_JAPANESE_QUESTION_683,MSG_QUIZ_JAPANESE_QUESTION_DESCRIPTION_683
684,1,3,MSG_QUIZ_JAPANESE_QUESTION_684,MSG_QUIZ_JAPANESE_QUESTION_DESCRIPTION_684
685,1,3,MSG_QUIZ_JAPANESE_QUESTION_685,MSG_QUIZ_JAPANESE_QUESTION_DESCRIPTION_685
686,1,3,MSG_QUIZ_JAPANESE_QUESTION_686,MSG_QUIZ_JAPANESE_QUESTION_DESCRIPTION_686
687,1,3,MSG_QUIZ_JAPANESE_QUESTION_687,MSG_QUIZ_JAPANESE_QUESTION_DESCRIPTION_687
688,1,3,MSG_QUIZ_JAPANESE_QUESTION_688,MSG_QUIZ_JAPANESE_QUESTION_DESCRIPTION_688
689,1,3,MSG_QUIZ_JAPANESE_QUESTION_689,MSG_QUIZ_JAPANESE_QUESTION_DESCRIPTION_689
690,1,3,MSG_QUIZ_JAPANESE_QUESTION_690,MSG_QUIZ_JAPANESE_QUESTION_DESCRIPTION_690
691,1,3,MSG_QUIZ_JAPANESE_QUESTION_691,MSG_QUIZ_JAPANESE_QUESTION_DESCRIPTION_691
692,1,3,MSG_QUIZ_JAPANESE_QUESTION_692,MSG_QUIZ_JAPANESE_QUESTION_DESCRIPTION_692
693,1,3,MSG_QUIZ_JAPANESE_QUESTION_693,MSG_QUIZ_JAPANESE_QUESTION_DESCRIPTION_693
694,1,3,MSG_QUIZ_JAPANESE_QUESTION_694,MSG_QUIZ_JAPANESE_QUESTION_DESCRIPTION_694
695,1,3,MSG_QUIZ_JAPANESE_QUESTION_695,MSG_QUIZ_JAPANESE_QUESTION_DESCRIPTION_695
696,1,3,MSG_QUIZ_JAPANESE_QUESTION_696,MSG_QUIZ_JAPANESE_QUESTION_DESCRIPTION_696
697,1,3,MSG_QUIZ_JAPANESE_QUESTION_697,MSG_QUIZ_JAPANESE_QUESTION_DESCRIPTION_697
698,1,3,MSG_QUIZ_JAPANESE_QUESTION_698,MSG_QUIZ_JAPANESE_QUESTION_DESCRIPTION_698
699,1,3,MSG_QUIZ_JAPANESE_QUESTION_699,MSG_QUIZ_JAPANESE_QUESTION_DESCRIPTION_699
700,1,3,MSG_QUIZ_JAPANESE_QUESTION_700,MSG_QUIZ_JAPANESE_QUESTION_DESCRIPTION_700
701,1,3,MSG_QUIZ_JAPANESE_QUESTION_701,MSG_QUIZ_JAPANESE_QUESTION_DESCRIPTION_701
702,1,3,MSG_QUIZ_JAPANESE_QUESTION_702,MSG_QUIZ_JAPANESE_QUESTION_DESCRIPTION_702
703,1,3,MSG_QUIZ_JAPANESE_QUESTION_703,MSG_QUIZ_JAPANESE_QUESTION_DESCRIPTION_703
704,1,3,MSG_QUIZ_JAPANESE_QUESTION_704,MSG_QUIZ_JAPANESE_QUESTION_DESCRIPTION_704
705,1,3,MSG_QUIZ_JAPANESE_QUESTION_705,MSG_QUIZ_JAPANESE_QUESTION_DESCRIPTION_705
706,1,3,MSG_QUIZ_JAPANESE_QUESTION_706,MSG_QUIZ_JAPANESE_QUESTION_DESCRIPTION_706
707,1,3,MSG_QUIZ_JAPANESE_QUESTION_707,MSG_QUIZ_JAPANESE_QUESTION_DESCRIPTION_707
708,1,3,MSG_QUIZ_JAPANESE_QUESTION_708,MSG_QUIZ_JAPANESE_QUESTION_DESCRIPTION_708
709,1,3,MSG_QUIZ_JAPANESE_QUESTION_709,MSG_QUIZ_JAPANESE_QUESTION_DESCRIPTION_709
710,1,3,MSG_QUIZ_JAPANESE_QUESTION_710,MSG_QUIZ_JAPANESE_QUESTION_DESCRIPTION_710
711,1,3,MSG_QUIZ_JAPANESE_QUESTION_711,MSG_QUIZ_JAPANESE_QUESTION_DESCRIPTION_711
712,1,3,MSG_QUIZ_JAPANESE_QUESTION_712,MSG_QUIZ_JAPANESE_QUESTION_DESCRIPTION_712
713,1,3,MSG_QUIZ_JAPANESE_QUESTION_713,MSG_QUIZ_JAPANESE_QUESTION_DESCRIPTION_713
714,1,3,MSG_QUIZ_JAPANESE_QUESTION_714,MSG_QUIZ_JAPANESE_QUESTION_DESCRIPTION_714
715,1,3,MSG_QUIZ_JAPANESE_QUESTION_715,MSG_QUIZ_JAPANESE_QUESTION_DESCRIPTION_715
716,1,3,MSG_QUIZ_JAPANESE_QUESTION_716,MSG_QUIZ_JAPANESE_QUESTION_DESCRIPTION_716
717,1,3,MSG_QUIZ_JAPANESE_QUESTION_717,MSG_QUIZ_JAPANESE_QUESTION_DESCRIPTION_717
718,1,3,MSG_QUIZ_JAPANESE_QUESTION_718,MSG_QUIZ_JAPANESE_QUESTION_DESCRIPTION_718
719,1,3,MSG_QUIZ_JAPANESE_QUESTION_719,MSG_QUIZ_JAPANESE_QUESTION_DESCRIPTION_719
720,1,3,MSG_QUIZ_JAPANESE_QUESTION_720,MSG_QUIZ_JAPANESE_QUESTION_DESCRIPTION_720
721,1,3,MSG_QUIZ_JAPANESE_QUESTION_721,MSG_QUIZ_JAPANESE_QUESTION_DESCRIPTION_721
722,1,3,MSG_QUIZ_JAPANESE_QUESTION_722,MSG_QUIZ_JAPANESE_QUESTION_DESCRIPTION_722
723,1,3,MSG_QUIZ_JAPANESE_QUESTION_723,MSG_QUIZ_JAPANESE_QUESTION_DESCRIPTION_723
724,1,3,MSG_QUIZ_JAPANESE_QUESTION_724,MSG_QUIZ_JAPANESE_QUESTION_DESCRIPTION_724
725,1,3,MSG_QUIZ_JAPANESE_QUESTION_725,MSG_QUIZ_JAPANESE_QUESTION_DESCRIPTION_725
726,1,3,MSG_QUIZ_JAPANESE_QUESTION_726,MSG_QUIZ_JAPANESE_QUESTION_DESCRIPTION_726
727,1,3,MSG_QUIZ_JAPANESE_QUESTION_727,MSG_QUIZ_JAPANESE_QUESTION_DESCRIPTION_727
728,1,3,MSG_QUIZ_JAPANESE_QUESTION_728,MSG_QUIZ_JAPANESE_QUESTION_DESCRIPTION_728
729,1,3,MSG_QUIZ_JAPANESE_QUESTION_729,MSG_QUIZ_JAPANESE_QUESTION_DESCRIPTION_729
730,1,3,MSG_QUIZ_JAPANESE_QUESTION_730,MSG_QUIZ_JAPANESE_QUESTION_DESCRIPTION_730
731,1,3,MSG_QUIZ_JAPANESE_QUESTION_731,MSG_QUIZ_JAPANESE_QUESTION_DESCRIPTION_731
732,1,3,MSG_QUIZ_JAPANESE_QUESTION_732,MSG_QUIZ_JAPANESE_QUESTION_DESCRIPTION_732
733,1,3,MSG_QUIZ_JAPANESE_QUESTION_733,MSG_QUIZ_JAPANESE_QUESTION_DESCRIPTION_733
734,1,3,MSG_QUIZ_JAPANESE_QUESTION_734,MSG_QUIZ_JAPANESE_QUESTION_DESCRIPTION_734
735,1,3,MSG_QUIZ_JAPANESE_QUESTION_735,MSG_QUIZ_JAPANESE_QUESTION_DESCRIPTION_735
736,1,3,MSG_QUIZ_JAPANESE_QUESTION_736,MSG_QUIZ_JAPANESE_QUESTION_DESCRIPTION_736
737,1,3,MSG_QUIZ_JAPANESE_QUESTION_737,MSG_QUIZ_JAPANESE_QUESTION_DESCRIPTION_737
738,1,3,MSG_QUIZ_JAPANESE_QUESTION_738,MSG_QUIZ_JAPANESE_QUESTION_DESCRIPTION_738
739,1,3,MSG_QUIZ_JAPANESE_QUESTION_739,MSG_QUIZ_JAPANESE_QUESTION_DESCRIPTION_739
740,1,3,MSG_QUIZ_JAPANESE_QUESTION_740,MSG_QUIZ_JAPANESE_QUESTION_DESCRIPTION_740
741,1,3,MSG_QUIZ_JAPANESE_QUESTION_741,MSG_QUIZ_JAPANESE_QUESTION_DESCRIPTION_741
742,1,3,MSG_QUIZ_JAPANESE_QUESTION_742,MSG_QUIZ_JAPANESE_QUESTION_DESCRIPTION_742
743,1,3,MSG_QUIZ_JAPANESE_QUESTION_743,MSG_QUIZ_JAPANESE_QUESTION_DESCRIPTION_743
744,1,3,MSG_QUIZ_JAPANESE_QUESTION_744,MSG_QUIZ_JAPANESE_QUESTION_DESCRIPTION_744
745,1,3,MSG_QUIZ_JAPANESE_QUESTION_745,MSG_QUIZ_JAPANESE_QUESTION_DESCRIPTION_745
746,1,3,MSG_QUIZ_JAPANESE_QUESTION_746,MSG_QUIZ_JAPANESE_QUESTION_DESCRIPTION_746
747,1,3,MSG_QUIZ_JAPANESE_QUESTION_747,MSG_QUIZ_JAPANESE_QUESTION_DESCRIPTION_747
748,1,3,MSG_QUIZ_JAPANESE_QUESTION_748,MSG_QUIZ_JAPANESE_QUESTION_DESCRIPTION_748
749,1,3,MSG_QUIZ_JAPANESE_QUESTION_749,MSG_QUIZ_JAPANESE_QUESTION_DESCRIPTION_749
750,1,3,MSG_QUIZ_JAPANESE_QUESTION_750,MSG_QUIZ_JAPANESE_QUESTION_DESCRIPTION_750
751,1,3,MSG_QUIZ_JAPANESE_QUESTION_751,MSG_QUIZ_JAPANESE_QUESTION_DESCRIPTION_751
752,1,3,MSG_QUIZ_JAPANESE_QUESTION_752,MSG_QUIZ_JAPANESE_QUESTION_DESCRIPTION_752
753,1,3,MSG_QUIZ_JAPANESE_QUESTION_753,MSG_QUIZ_JAPANESE_QUESTION_DESCRIPTION_753
754,1,3,MSG_QUIZ_JAPANESE_QUESTION_754,MSG_QUIZ_JAPANESE_QUESTION_DESCRIPTION_754
755,1,3,MSG_QUIZ_JAPANESE_QUESTION_755,MSG_QUIZ_JAPANESE_QUESTION_DESCRIPTION_755
756,1,3,MSG_QUIZ_JAPANESE_QUESTION_756,MSG_QUIZ_JAPANESE_QUESTION_DESCRIPTION_756
757,1,3,MSG_QUIZ_JAPANESE_QUESTION_757,MSG_QUIZ_JAPANESE_QUESTION_DESCRIPTION_757
758,1,3,MSG_QUIZ_JAPANESE_QUESTION_758,MSG_QUIZ_JAPANESE_QUESTION_DESCRIPTION_758
759,1,3,MSG_QUIZ_JAPANESE_QUESTION_759,MSG_QUIZ_JAPANESE_QUESTION_DESCRIPTION_759
760,1,3,MSG_QUIZ_JAPANESE_QUESTION_760,MSG_QUIZ_JAPANESE_QUESTION_DESCRIPTION_760
761,1,3,MSG_QUIZ_JAPANESE_QUESTION_761,MSG_QUIZ_JAPANESE_QUESTION_DESCRIPTION_761
762,1,3,MSG_QUIZ_JAPANESE_QUESTION_762,MSG_QUIZ_JAPANESE_QUESTION_DESCRIPTION_762
763,1,3,MSG_QUIZ_JAPANESE_QUESTION_763,MSG_QUIZ_JAPANESE_QUESTION_DESCRIPTION_763
764,1,3,MSG_QUIZ_JAPANESE_QUESTION_764,MSG_QUIZ_JAPANESE_QUESTION_DESCRIPTION_764
765,1,3,MSG_QUIZ_JAPANESE_QUESTION_765,MSG_QUIZ_JAPANESE_QUESTION_DESCRIPTION_765
766,1,3,MSG_QUIZ_JAPANESE_QUESTION_766,MSG_QUIZ_JAPANESE_QUESTION_DESCRIPTION_766
767,1,3,MSG_QUIZ_JAPANESE_QUESTION_767,MSG_QUIZ_JAPANESE_QUESTION_DESCRIPTION_767
768,1,3,MSG_QUIZ_JAPANESE_QUESTION_768,MSG_QUIZ_JAPANESE_QUESTION_DESCRIPTION_768
769,1,3,MSG_QUIZ_JAPANESE_QUESTION_769,MSG_QUIZ_JAPANESE_QUESTION_DESCRIPTION_769
770,1,3,MSG_QUIZ_JAPANESE_QUESTION_770,MSG_QUIZ_JAPANESE_QUESTION_DESCRIPTION_770
771,1,3,MSG_QUIZ_JAPANESE_QUESTION_771,MSG_QUIZ_JAPANESE_QUESTION_DESCRIPTION_771
772,1,3,MSG_QUIZ_JAPANESE_QUESTION_772,MSG_QUIZ_JAPANESE_QUESTION_DESCRIPTION_772
773,1,3,MSG_QUIZ_JAPANESE_QUESTION_773,MSG_QUIZ_JAPANESE_QUESTION_DESCRIPTION_773
774,1,3,MSG_QUIZ_JAPANESE_QUESTION_774,MSG_QUIZ_JAPANESE_QUESTION_DESCRIPTION_774
775,1,3,MSG_QUIZ_JAPANESE_QUESTION_775,MSG_QUIZ_JAPANESE_QUESTION_DESCRIPTION_775
776,1,3,MSG_QUIZ_JAPANESE_QUESTION_776,MSG_QUIZ_JAPANESE_QUESTION_DESCRIPTION_776
777,1,3,MSG_QUIZ_JAPANESE_QUESTION_777,MSG_QUIZ_JAPANESE_QUESTION_DESCRIPTION_777
778,1,3,MSG_QUIZ_JAPANESE_QUESTION_778,MSG_QUIZ_JAPANESE_QUESTION_DESCRIPTION_778
779,1,3,MSG_QUIZ_JAPANESE_QUESTION_779,MSG_QUIZ_JAPANESE_QUESTION_DESCRIPTION_779
780,1,3,MSG_QUIZ_JAPANESE_QUESTION_780,MSG_QUIZ_JAPANESE_QUESTION_DESCRIPTION_780
781,1,3,MSG_QUIZ_JAPANESE_QUESTION_781,MSG_QUIZ_JAPANESE_QUESTION_DESCRIPTION_781
782,1,3,MSG_QUIZ_JAPANESE_QUESTION_782,MSG_QUIZ_JAPANESE_QUESTION_DESCRIPTION_782
783,1,3,MSG_QUIZ_JAPANESE_QUESTION_783,MSG_QUIZ_JAPANESE_QUESTION_DESCRIPTION_783
784,1,3,MSG_QUIZ_JAPANESE_QUESTION_784,MSG_QUIZ_JAPANESE_QUESTION_DESCRIPTION_784
785,1,3,MSG_QUIZ_JAPANESE_QUESTION_785,MSG_QUIZ_JAPANESE_QUESTION_DESCRIPTION_785
786,1,3,MSG_QUIZ_JAPANESE_QUESTION_786,MSG_QUIZ_JAPANESE_QUESTION_DESCRIPTION_786
787,1,3,MSG_QUIZ_JAPANESE_QUESTION_787,MSG_QUIZ_JAPANESE_QUESTION_DESCRIPTION_787
788,1,3,MSG_QUIZ_JAPANESE_QUESTION_788,MSG_QUIZ_JAPANESE_QUESTION_DESCRIPTION_788
789,1,3,MSG_QUIZ_JAPANESE_QUESTION_789,MSG_QUIZ_JAPANESE_QUESTION_DESCRIPTION_789
790,1,3,MSG_QUIZ_JAPANESE_QUESTION_790,MSG_QUIZ_JAPANESE_QUESTION_DESCRIPTION_790
791,1,3,MSG_QUIZ_JAPANESE_QUESTION_791,MSG_QUIZ_JAPANESE_QUESTION_DESCRIPTION_791
792,1,3,MSG_QUIZ_JAPANESE_QUESTION_792,MSG_QUIZ_JAPANESE_QUESTION_DESCRIPTION_792
793,1,3,MSG_QUIZ_JAPANESE_QUESTION_793,MSG_QUIZ_JAPANESE_QUESTION_DESCRIPTION_793
794,1,3,MSG_QUIZ_JAPANESE_QUESTION_794,MSG_QUIZ_JAPANESE_QUESTION_DESCRIPTION_794
795,1,3,MSG_QUIZ_JAPANESE_QUESTION_795,MSG_QUIZ_JAPANESE_QUESTION_DESCRIPTION_795
796,1,3,MSG_QUIZ_JAPANESE_QUESTION_796,MSG_QUIZ_JAPANESE_QUESTION_DESCRIPTION_796
797,1,3,MSG_QUIZ_JAPANESE_QUESTION_797,MSG_QUIZ_JAPANESE_QUESTION_DESCRIPTION_797
798,1,3,MSG_QUIZ_JAPANESE_QUESTION_798,MSG_QUIZ_JAPANESE_QUESTION_DESCRIPTION_798
799,1,3,MSG_QUIZ_JAPANESE_QUESTION_799,MSG_QUIZ_JAPANESE_QUESTION_DESCRIPTION_799
800,1,3,MSG_QUIZ_JAPANESE_QUESTION_800,MSG_QUIZ_JAPANESE_QUESTION_DESCRIPTION_800
801,1,3,MSG_QUIZ_JAPANESE_QUESTION_801,MSG_QUIZ_JAPANESE_QUESTION_DESCRIPTION_801
802,1,3,MSG_QUIZ_JAPANESE_QUESTION_802,MSG_QUIZ_JAPANESE_QUESTION_DESCRIPTION_802
803,1,3,MSG_QUIZ_JAPANESE_QUESTION_803,MSG_QUIZ_JAPANESE_QUESTION_DESCRIPTION_803
804,1,3,MSG_QUIZ_JAPANESE_QUESTION_804,MSG_QUIZ_JAPANESE_QUESTION_DESCRIPTION_804
805,1,3,MSG_QUIZ_JAPANESE_QUESTION_805,MSG_QUIZ_JAPANESE_QUESTION_DESCRIPTION_805
806,1,3,MSG_QUIZ_JAPANESE_QUESTION_806,MSG_QUIZ_JAPANESE_QUESTION_DESCRIPTION_806
807,1,3,MSG_QUIZ_JAPANESE_QUESTION_807,MSG_QUIZ_JAPANESE_QUESTION_DESCRIPTION_807
808,1,3,MSG_QUIZ_JAPANESE_QUESTION_808,MSG_QUIZ_JAPANESE_QUESTION_DESCRIPTION_808
809,1,3,MSG_QUIZ_JAPANESE_QUESTION_809,MSG_QUIZ_JAPANESE_QUESTION_DESCRIPTION_809
810,1,3,MSG_QUIZ_JAPANESE_QUESTION_810,MSG_QUIZ_JAPANESE_QUESTION_DESCRIPTION_810
811,1,3,MSG_QUIZ_JAPANESE_QUESTION_811,MSG_QUIZ_JAPANESE_QUESTION_DESCRIPTION_811
812,1,3,MSG_QUIZ_JAPANESE_QUESTION_812,MSG_QUIZ_JAPANESE_QUESTION_DESCRIPTION_812
813,1,3,MSG_QUIZ_JAPANESE_QUESTION_813,MSG_QUIZ_JAPANESE_QUESTION_DESCRIPTION_813
814,1,3,MSG_QUIZ_JAPANESE_QUESTION_814,MSG_QUIZ_JAPANESE_QUESTION_DESCRIPTION_814
815,1,3,MSG_QUIZ_JAPANESE_QUESTION_815,MSG_QUIZ_JAPANESE_QUESTION_DESCRIPTION_815
816,1,3,MSG_QUIZ_JAPANESE_QUESTION_816,MSG_QUIZ_JAPANESE_QUESTION_DESCRIPTION_816
817,1,3,MSG_QUIZ_JAPANESE_QUESTION_817,MSG_QUIZ_JAPANESE_QUESTION_DESCRIPTION_817
818,1,3,MSG_QUIZ_JAPANESE_QUESTION_818,MSG_QUIZ_JAPANESE_QUESTION_DESCRIPTION_818
819,1,3,MSG_QUIZ_JAPANESE_QUESTION_819,MSG_QUIZ_JAPANESE_QUESTION_DESCRIPTION_819
820,1,3,MSG_QUIZ_JAPANESE_QUESTION_820,MSG_QUIZ_JAPANESE_QUESTION_DESCRIPTION_820
821,1,3,MSG_QUIZ_JAPANESE_QUESTION_821,MSG_QUIZ_JAPANESE_QUESTION_DESCRIPTION_821
822,1,3,MSG_QUIZ_JAPANESE_QUESTION_822,MSG_QUIZ_JAPANESE_QUESTION_DESCRIPTION_822
823,1,3,MSG_QUIZ_JAPANESE_QUESTION_823,MSG_QUIZ_JAPANESE_QUESTION_DESCRIPTION_823
824,1,3,MSG_QUIZ_JAPANESE_QUESTION_824,MSG_QUIZ_JAPANESE_QUESTION_DESCRIPTION_824
825,1,3,MSG_QUIZ_JAPANESE_QUESTION_825,MSG_QUIZ_JAPANESE_QUESTION_DESCRIPTION_825
826,1,3,MSG_QUIZ_JAPANESE_QUESTION_826,MSG_QUIZ_JAPANESE_QUESTION_DESCRIPTION_826
827,1,3,MSG_QUIZ_JAPANESE_QUESTION_827,MSG_QUIZ_JAPANESE_QUESTION_DESCRIPTION_827
828,1,3,MSG_QUIZ_JAPANESE_QUESTION_828,MSG_QUIZ_JAPANESE_QUESTION_DESCRIPTION_828
829,1,3,MSG_QUIZ_JAPANESE_QUESTION_829,MSG_QUIZ_JAPANESE_QUESTION_DESCRIPTION_829
830,1,3,MSG_QUIZ_JAPANESE_QUESTION_830,MSG_QUIZ_JAPANESE_QUESTION_DESCRIPTION_830
831,1,3,MSG_QUIZ_JAPANESE_QUESTION_831,MSG_QUIZ_JAPANESE_QUESTION_DESCRIPTION_831
832,1,3,MSG_QUIZ_JAPANESE_QUESTION_832,MSG_QUIZ_JAPANESE_QUESTION_DESCRIPTION_832
833,1,3,MSG_QUIZ_JAPANESE_QUESTION_833,MSG_QUIZ_JAPANESE_QUESTION_DESCRIPTION_833
834,1,3,MSG_QUIZ_JAPANESE_QUESTION_834,MSG_QUIZ_JAPANESE_QUESTION_DESCRIPTION_834
835,1,3,MSG_QUIZ_JAPANESE_QUESTION_835,MSG_QUIZ_JAPANESE_QUESTION_DESCRIPTION_835
836,1,3,MSG_QUIZ_JAPANESE_QUESTION_836,MSG_QUIZ_JAPANESE_QUESTION_DESCRIPTION_836
837,1,3,MSG_QUIZ_JAPANESE_QUESTION_837,MSG_QUIZ_JAPANESE_QUESTION_DESCRIPTION_837
838,1,3,MSG_QUIZ_JAPANESE_QUESTION_838,MSG_QUIZ_JAPANESE_QUESTION_DESCRIPTION_838
839,1,3,MSG_QUIZ_JAPANESE_QUESTION_839,MSG_QUIZ_JAPANESE_QUESTION_DESCRIPTION_839
840,1,3,MSG_QUIZ_JAPANESE_QUESTION_840,MSG_QUIZ_JAPANESE_QUESTION_DESCRIPTION_840
841,1,3,MSG_QUIZ_JAPANESE_QUESTION_841,MSG_QUIZ_JAPANESE_QUESTION_DESCRIPTION_841
842,1,3,MSG_QUIZ_JAPANESE_QUESTION_842,MSG_QUIZ_JAPANESE_QUESTION_DESCRIPTION_842
843,1,3,MSG_QUIZ_JAPANESE_QUESTION_843,MSG_QUIZ_JAPANESE_QUESTION_DESCRIPTION_843
844,1,3,MSG_QUIZ_JAPANESE_QUESTION_844,MSG_QUIZ_JAPANESE_QUESTION_DESCRIPTION_844
845,1,3,MSG_QUIZ_JAPANESE_QUESTION_845,MSG_QUIZ_JAPANESE_QUESTION_DESCRIPTION_845
846,1,3,MSG_QUIZ_JAPANESE_QUESTION_846,MSG_QUIZ_JAPANESE_QUESTION_DESCRIPTION_846
847,1,3,MSG_QUIZ_JAPANESE_QUESTION_847,MSG_QUIZ_JAPANESE_QUESTION_DESCRIPTION_847
848,1,3,MSG_QUIZ_JAPANESE_QUESTION_848,MSG_QUIZ_JAPANESE_QUESTION_DESCRIPTION_848
849,1,3,MSG_QUIZ_JAPANESE_QUESTION_849,MSG_QUIZ_JAPANESE_QUESTION_DESCRIPTION_849
850,1,3,MSG_QUIZ_JAPANESE_QUESTION_850,MSG_QUIZ_JAPANESE_QUESTION_DESCRIPTION_850
851,1,3,MSG_QUIZ_JAPANESE_QUESTION_851,MSG_QUIZ_JAPANESE_QUESTION_DESCRIPTION_851
852,1,3,MSG_QUIZ_JAPANESE_QUESTION_852,MSG_QUIZ_JAPANESE_QUESTION_DESCRIPTION_852
853,1,3,MSG_QUIZ_JAPANESE_QUESTION_853,MSG_QUIZ_JAPANESE_QUESTION_DESCRIPTION_853
854,1,3,MSG_QUIZ_JAPANESE_QUESTION_854,MSG_QUIZ_JAPANESE_QUESTION_DESCRIPTION_854
855,1,3,MSG_QUIZ_JAPANESE_QUESTION_855,MSG_QUIZ_JAPANESE_QUESTION_DESCRIPTION_855
856,1,3,MSG_QUIZ_JAPANESE_QUESTION_856,MSG_QUIZ_JAPANESE_QUESTION_DESCRIPTION_856
857,1,3,MSG_QUIZ_JAPANESE_QUESTION_857,MSG_QUIZ_JAPANESE_QUESTION_DESCRIPTION_857
858,1,3,MSG_QUIZ_JAPANESE_QUESTION_858,MSG_QUIZ_JAPANESE_QUESTION_DESCRIPTION_858
859,1,3,MSG_QUIZ_JAPANESE_QUESTION_859,MSG_QUIZ_JAPANESE_QUESTION_DESCRIPTION_859
860,1,3,MSG_QUIZ_JAPANESE_QUESTION_860,MSG_QUIZ_JAPANESE_QUESTION_DESCRIPTION_860
861,1,3,MSG_QUIZ_JAPANESE_QUESTION_861,MSG_QUIZ_JAPANESE_QUESTION_DESCRIPTION_861
862,1,3,MSG_QUIZ_JAPANESE_QUESTION_862,MSG_QUIZ_JAPANESE_QUESTION_DESCRIPTION_862
863,1,3,MSG_QUIZ_JAPANESE_QUESTION_863,MSG_QUIZ_JAPANESE_QUESTION_DESCRIPTION_863
864,1,3,MSG_QUIZ_JAPANESE_QUESTION_864,MSG_QUIZ_JAPANESE_QUESTION_DESCRIPTION_864
865,1,3,MSG_QUIZ_JAPANESE_QUESTION_865,MSG_QUIZ_JAPANESE_QUESTION_DESCRIPTION_865
866,1,3,MSG_QUIZ_JAPANESE_QUESTION_866,MSG_QUIZ_JAPANESE_QUESTION_DESCRIPTION_866
867,1,3,MSG_QUIZ_JAPANESE_QUESTION_867,MSG_QUIZ_JAPANESE_QUESTION_DESCRIPTION_867
868,1,3,MSG_QUIZ_JAPANESE_QUESTION_868,MSG_QUIZ_JAPANESE_QUESTION_DESCRIPTION_868
869,1,3,MSG_QUIZ_JAPANESE_QUESTION_869,MSG_QUIZ_JAPANESE_QUESTION_DESCRIPTION_869
870,1,3,MSG_QUIZ_JAPANESE_QUESTION_870,MSG_QUIZ_JAPANESE_QUESTION_DESCRIPTION_870
871,1,3,MSG_QUIZ_JAPANESE_QUESTION_871,MSG_QUIZ_JAPANESE_QUESTION_DESCRIPTION_871
872,1,3,MSG_QUIZ_JAPANESE_QUESTION_872,MSG_QUIZ_JAPANESE_QUESTION_DESCRIPTION_872
873,1,3,MSG_QUIZ_JAPANESE_QUESTION_873,MSG_QUIZ_JAPANESE_QUESTION_DESCRIPTION_873
874,1,3,MSG_QUIZ_JAPANESE_QUESTION_874,MSG_QUIZ_JAPANESE_QUESTION_DESCRIPTION_874
875,1,3,MSG_QUIZ_JAPANESE_QUESTION_875,MSG_QUIZ_JAPANESE_QUESTION_DESCRIPTION_875
876,1,3,MSG_QUIZ_JAPANESE_QUESTION_876,MSG_QUIZ_JAPANESE_QUESTION_DESCRIPTION_876
877,1,3,MSG_QUIZ_JAPANESE_QUESTION_877,MSG_QUIZ_JAPANESE_QUESTION_DESCRIPTION_877
878,1,3,MSG_QUIZ_JAPANESE_QUESTION_878,MSG_QUIZ_JAPANESE_QUESTION_DESCRIPTION_878
879,1,3,MSG_QUIZ_JAPANESE_QUESTION_879,MSG_QUIZ_JAPANESE_QUESTION_DESCRIPTION_879
880,1,3,MSG_QUIZ_JAPANESE_QUESTION_880,MSG_QUIZ_JAPANESE_QUESTION_DESCRIPTION_880
881,1,3,MSG_QUIZ_JAPANESE_QUESTION_881,MSG_QUIZ_JAPANESE_QUESTION_DESCRIPTION_881
882,1,3,MSG_QUIZ_JAPANESE_QUESTION_882,MSG_QUIZ_JAPANESE_QUESTION_DESCRIPTION_882
883,1,3,MSG_QUIZ_JAPANESE_QUESTION_883,MSG_QUIZ_JAPANESE_QUESTION_DESCRIPTION_883
884,1,3,MSG_QUIZ_JAPANESE_QUESTION_884,MSG_QUIZ_JAPANESE_QUESTION_DESCRIPTION_884
885,1,3,MSG_QUIZ_JAPANESE_QUESTION_885,MSG_QUIZ_JAPANESE_QUESTION_DESCRIPTION_885
886,1,3,MSG_QUIZ_JAPANESE_QUESTION_886,MSG_QUIZ_JAPANESE_QUESTION_DESCRIPTION_886
887,1,3,MSG_QUIZ_JAPANESE_QUESTION_887,MSG_QUIZ_JAPANESE_QUESTION_DESCRIPTION_887
888,1,3,MSG_QUIZ_JAPANESE_QUESTION_888,MSG_QUIZ_JAPANESE_QUESTION_DESCRIPTION_888
889,1,3,MSG_QUIZ_JAPANESE_QUESTION_889,MSG_QUIZ_JAPANESE_QUESTION_DESCRIPTION_889
890,1,3,MSG_QUIZ_JAPANESE_QUESTION_890,MSG_QUIZ_JAPANESE_QUESTION_DESCRIPTION_890
891,1,3,MSG_QUIZ_JAPANESE_QUESTION_891,MSG_QUIZ_JAPANESE_QUESTION_DESCRIPTION_891
892,1,3,MSG_QUIZ_JAPANESE_QUESTION_892,MSG_QUIZ_JAPANESE_QUESTION_DESCRIPTION_892
893,1,3,MSG_QUIZ_JAPANESE_QUESTION_893,MSG_QUIZ_JAPANESE_QUESTION_DESCRIPTION_893
894,1,3,MSG_QUIZ_JAPANESE_QUESTION_894,MSG_QUIZ_JAPANESE_QUESTION_DESCRIPTION_894
895,1,3,MSG_QUIZ_JAPANESE_QUESTION_895,MSG_QUIZ_JAPANESE_QUESTION_DESCRIPTION_895
896,1,3,MSG_QUIZ_JAPANESE_QUESTION_896,MSG_QUIZ_JAPANESE_QUESTION_DESCRIPTION_896
897,1,3,MSG_QUIZ_JAPANESE_QUESTION_897,MSG_QUIZ_JAPANESE_QUESTION_DESCRIPTION_897
898,1,3,MSG_QUIZ_JAPANESE_QUESTION_898,MSG_QUIZ_JAPANESE_QUESTION_DESCRIPTION_898
899,1,3,MSG_QUIZ_JAPANESE_QUESTION_899,MSG_QUIZ_JAPANESE_QUESTION_DESCRIPTION_899
900,1,3,MSG_QUIZ_JAPANESE_QUESTION_900,MSG_QUIZ_JAPANESE_QUESTION_DESCRIPTION_900
901,1,3,MSG_QUIZ_JAPANESE_QUESTION_901,MSG_QUIZ_JAPANESE_QUESTION_DESCRIPTION_901
902,1,3,MSG_QUIZ_JAPANESE_QUESTION_902,MSG_QUIZ_JAPANESE_QUESTION_DESCRIPTION_902
903,1,3,MSG_QUIZ_JAPANESE_QUESTION_903,MSG_QUIZ_JAPANESE_QUESTION_DESCRIPTION_903
904,1,3,MSG_QUIZ_JAPANESE_QUESTION_904,MSG_QUIZ_JAPANESE_QUESTION_DESCRIPTION_904
905,1,3,MSG_QUIZ_JAPANESE_QUESTION_905,MSG_QUIZ_JAPANESE_QUESTION_DESCRIPTION_905
906,1,3,MSG_QUIZ_JAPANESE_QUESTION_906,MSG_QUIZ_JAPANESE_QUESTION_DESCRIPTION_906
907,1,3,MSG_QUIZ_JAPANESE_QUESTION_907,MSG_QUIZ_JAPANESE_QUESTION_DESCRIPTION_907
908,1,3,MSG_QUIZ_JAPANESE_QUESTION_908,MSG_QUIZ_JAPANESE_QUESTION_DESCRIPTION_908
909,1,3,MSG_QUIZ_JAPANESE_QUESTION_909,MSG_QUIZ_JAPANESE_QUESTION_DESCRIPTION_909
910,1,3,MSG_QUIZ_JAPANESE_QUESTION_910,MSG_QUIZ_JAPANESE_QUESTION_DESCRIPTION_910
911,1,3,MSG_QUIZ_JAPANESE_QUESTION_911,MSG_QUIZ_JAPANESE_QUESTION_DESCRIPTION_911
912,1,3,MSG_QUIZ_JAPANESE_QUESTION_912,MSG_QUIZ_JAPANESE_QUESTION_DESCRIPTION_912
913,1,3,MSG_QUIZ_JAPANESE_QUESTION_913,MSG_QUIZ_JAPANESE_QUESTION_DESCRIPTION_913
914,1,3,MSG_QUIZ_JAPANESE_QUESTION_914,MSG_QUIZ_JAPANESE_QUESTION_DESCRIPTION_914
915,1,3,MSG_QUIZ_JAPANESE_QUESTION_915,MSG_QUIZ_JAPANESE_QUESTION_DESCRIPTION_915
916,1,3,MSG_QUIZ_JAPANESE_QUESTION_916,MSG_QUIZ_JAPANESE_QUESTION_DESCRIPTION_916
917,1,3,MSG_QUIZ_JAPANESE_QUESTION_917,MSG_QUIZ_JAPANESE_QUESTION_DESCRIPTION_917
918,1,3,MSG_QUIZ_JAPANESE_QUESTION_918,MSG_QUIZ_JAPANESE_QUESTION_DESCRIPTION_918
919,1,3,MSG_QUIZ_JAPANESE_QUESTION_919,MSG_QUIZ_JAPANESE_QUESTION_DESCRIPTION_919
920,1,3,MSG_QUIZ_JAPANESE_QUESTION_920,MSG_QUIZ_JAPANESE_QUESTION_DESCRIPTION_920
921,1,3,MSG_QUIZ_JAPANESE_QUESTION_921,MSG_QUIZ_JAPANESE_QUESTION_DESCRIPTION_921
922,1,3,MSG_QUIZ_JAPANESE_QUESTION_922,MSG_QUIZ_JAPANESE_QUESTION_DESCRIPTION_922
923,1,3,MSG_QUIZ_JAPANESE_QUESTION_923,MSG_QUIZ_JAPANESE_QUESTION_DESCRIPTION_923
924,1,3,MSG_QUIZ_JAPANESE_QUESTION_924,MSG_QUIZ_JAPANESE_QUESTION_DESCRIPTION_924
925,1,3,MSG_QUIZ_JAPANESE_QUESTION_925,MSG_QUIZ_JAPANESE_QUESTION_DESCRIPTION_925
926,1,3,MSG_QUIZ_JAPANESE_QUESTION_926,MSG_QUIZ_JAPANESE_QUESTION_DESCRIPTION_926
927,1,3,MSG_QUIZ_JAPANESE_QUESTION_927,MSG_QUIZ_JAPANESE_QUESTION_DESCRIPTION_927
928,1,3,MSG_QUIZ_JAPANESE_QUESTION_928,MSG_QUIZ_JAPANESE_QUESTION_DESCRIPTION_928
929,1,3,MSG_QUIZ_JAPANESE_QUESTION_929,MSG_QUIZ_JAPANESE_QUESTION_DESCRIPTION_929
930,1,3,MSG_QUIZ_JAPANESE_QUESTION_930,MSG_QUIZ_JAPANESE_QUESTION_DESCRIPTION_930
931,1,3,MSG_QUIZ_JAPANESE_QUESTION_931,MSG_QUIZ_JAPANESE_QUESTION_DESCRIPTION_931
932,1,3,MSG_QUIZ_JAPANESE_QUESTION_932,MSG_QUIZ_JAPANESE_QUESTION_DESCRIPTION_932
933,1,3,MSG_QUIZ_JAPANESE_QUESTION_933,MSG_QUIZ_JAPANESE_QUESTION_DESCRIPTION_933
934,1,3,MSG_QUIZ_JAPANESE_QUESTION_934,MSG_QUIZ_JAPANESE_QUESTION_DESCRIPTION_934
935,1,3,MSG_QUIZ_JAPANESE_QUESTION_935,MSG_QUIZ_JAPANESE_QUESTION_DESCRIPTION_935
936,1,3,MSG_QUIZ_JAPANESE_QUESTION_936,MSG_QUIZ_JAPANESE_QUESTION_DESCRIPTION_936
937,1,3,MSG_QUIZ_JAPANESE_QUESTION_937,MSG_QUIZ_JAPANESE_QUESTION_DESCRIPTION_937
938,1,3,MSG_QUIZ_JAPANESE_QUESTION_938,MSG_QUIZ_JAPANESE_QUESTION_DESCRIPTION_938
939,1,3,MSG_QUIZ_JAPANESE_QUESTION_939,MSG_QUIZ_JAPANESE_QUESTION_DESCRIPTION_939
940,1,3,MSG_QUIZ_JAPANESE_QUESTION_940,MSG_QUIZ_JAPANESE_QUESTION_DESCRIPTION_940
941,1,3,MSG_QUIZ_JAPANESE_QUESTION_941,MSG_QUIZ_JAPANESE_QUESTION_DESCRIPTION_941
942,1,3,MSG_QUIZ_JAPANESE_QUESTION_942,MSG_QUIZ_JAPANESE_QUESTION_DESCRIPTION_942
943,1,3,MSG_QUIZ_JAPANESE_QUESTION_943,MSG_QUIZ_JAPANESE_QUESTION_DESCRIPTION_943
944,1,3,MSG_QUIZ_JAPANESE_QUESTION_944,MSG_QUIZ_JAPANESE_QUESTION_DESCRIPTION_944
945,1,3,MSG_QUIZ_JAPANESE_QUESTION_945,MSG_QUIZ_JAPANESE_QUESTION_DESCRIPTION_945
946,1,3,MSG_QUIZ_JAPANESE_QUESTION_946,MSG_QUIZ_JAPANESE_QUESTION_DESCRIPTION_946
947,1,3,MSG_QUIZ_JAPANESE_QUESTION_947,MSG_QUIZ_JAPANESE_QUESTION_DESCRIPTION_947
948,1,3,MSG_QUIZ_JAPANESE_QUESTION_948,MSG_QUIZ_JAPANESE_QUESTION_DESCRIPTION_948
949,1,3,MSG_QUIZ_JAPANESE_QUESTION_949,MSG_QUIZ_JAPANESE_QUESTION_DESCRIPTION_949
950,1,3,MSG_QUIZ_JAPANESE_QUESTION_950,MSG_QUIZ_JAPANESE_QUESTION_DESCRIPTION_950
951,1,3,MSG_QUIZ_JAPANESE_QUESTION_951,MSG_QUIZ_JAPANESE_QUESTION_DESCRIPTION_951
952,1,3,MSG_QUIZ_JAPANESE_QUESTION_952,MSG_QUIZ_JAPANESE_QUESTION_DESCRIPTION_952
953,1,3,MSG_QUIZ_JAPANESE_QUESTION_953,MSG_QUIZ_JAPANESE_QUESTION_DESCRIPTION_953
954,1,3,MSG_QUIZ_JAPANESE_QUESTION_954,MSG_QUIZ_JAPANESE_QUESTION_DESCRIPTION_954
955,1,3,MSG_QUIZ_JAPANESE_QUESTION_955,MSG_QUIZ_JAPANESE_QUESTION_DESCRIPTION_955
956,1,3,MSG_QUIZ_JAPANESE_QUESTION_956,MSG_QUIZ_JAPANESE_QUESTION_DESCRIPTION_956
957,1,3,MSG_QUIZ_JAPANESE_QUESTION_957,MSG_QUIZ_JAPANESE_QUESTION_DESCRIPTION_957
958,1,3,MSG_QUIZ_JAPANESE_QUESTION_958,MSG_QUIZ_JAPANESE_QUESTION_DESCRIPTION_958
959,1,3,MSG_QUIZ_JAPANESE_QUESTION_959,MSG_QUIZ_JAPANESE_QUESTION_DESCRIPTION_959
960,1,3,MSG_QUIZ_JAPANESE_QUESTION_960,MSG_QUIZ_JAPANESE_QUESTION_DESCRIPTION_960
961,1,3,MSG_QUIZ_JAPANESE_QUESTION_961,MSG_QUIZ_JAPANESE_QUESTION_DESCRIPTION_961
962,1,3,MSG_QUIZ_JAPANESE_QUESTION_962,MSG_QUIZ_JAPANESE_QUESTION_DESCRIPTION_962
963,1,3,MSG_QUIZ_JAPANESE_QUESTION_963,MSG_QUIZ_JAPANESE_QUESTION_DESCRIPTION_963
964,1,3,MSG_QUIZ_JAPANESE_QUESTION_964,MSG_QUIZ_JAPANESE_QUESTION_DESCRIPTION_964
965,1,3,MSG_QUIZ_JAPANESE_QUESTION_965,MSG_QUIZ_JAPANESE_QUESTION_DESCRIPTION_965
966,1,3,MSG_QUIZ_JAPANESE_QUESTION_966,MSG_QUIZ_JAPANESE_QUESTION_DESCRIPTION_966
967,1,3,MSG_QUIZ_JAPANESE_QUESTION_967,MSG_QUIZ_JAPANESE_QUESTION_DESCRIPTION_967
968,1,3,MSG_QUIZ_JAPANESE_QUESTION_968,MSG_QUIZ_JAPANESE_QUESTION_DESCRIPTION_968
969,1,3,MSG_QUIZ_JAPANESE_QUESTION_969,MSG_QUIZ_JAPANESE_QUESTION_DESCRIPTION_969
970,1,3,MSG_QUIZ_JAPANESE_QUESTION_970,MSG_QUIZ_JAPANESE_QUESTION_DESCRIPTION_970
971,1,3,MSG_QUIZ_JAPANESE_QUESTION_971,MSG_QUIZ_JAPANESE_QUESTION_DESCRIPTION_971
972,1,3,MSG_QUIZ_JAPANESE_QUESTION_972,MSG_QUIZ_JAPANESE_QUESTION_DESCRIPTION_972
973,1,3,MSG_QUIZ_JAPANESE_QUESTION_973,MSG_QUIZ_JAPANESE_QUESTION_DESCRIPTION_973
974,1,3,MSG_QUIZ_JAPANESE_QUESTION_974,MSG_QUIZ_JAPANESE_QUESTION_DESCRIPTION_974
975,1,3,MSG_QUIZ_JAPANESE_QUESTION_975,MSG_QUIZ_JAPANESE_QUESTION_DESCRIPTION_975
976,1,3,MSG_QUIZ_JAPANESE_QUESTION_976,MSG_QUIZ_JAPANESE_QUESTION_DESCRIPTION_976
977,1,3,MSG_QUIZ_JAPANESE_QUESTION_977,MSG_QUIZ_JAPANESE_QUESTION_DESCRIPTION_977
978,1,3,MSG_QUIZ_JAPANESE_QUESTION_978,MSG_QUIZ_JAPANESE_QUESTION_DESCRIPTION_978
979,1,3,MSG_QUIZ_JAPANESE_QUESTION_979,MSG_QUIZ_JAPANESE_QUESTION_DESCRIPTION_979
980,1,3,MSG_QUIZ_JAPANESE_QUESTION_980,MSG_QUIZ_JAPANESE_QUESTION_DESCRIPTION_980
981,1,3,MSG_QUIZ_JAPANESE_QUESTION_981,MSG_QUIZ_JAPANESE_QUESTION_DESCRIPTION_981
982,1,3,MSG_QUIZ_JAPANESE_QUESTION_982,MSG_QUIZ_JAPANESE_QUESTION_DESCRIPTION_982
983,1,3,MSG_QUIZ_JAPANESE_QUESTION_983,MSG_QUIZ_JAPANESE_QUESTION_DESCRIPTION_983
984,1,3,MSG_QUIZ_JAPANESE_QUESTION_984,MSG_QUIZ_JAPANESE_QUESTION_DESCRIPTION_984
985,1,3,MSG_QUIZ_JAPANESE_QUESTION_985,MSG_QUIZ_JAPANESE_QUESTION_DESCRIPTION_985
986,1,3,MSG_QUIZ_JAPANESE_QUESTION_986,MSG_QUIZ_JAPANESE_QUESTION_DESCRIPTION_986
987,1,3,MSG_QUIZ_JAPANESE_QUESTION_987,MSG_QUIZ_JAPANESE_QUESTION_DESCRIPTION_987
988,1,3,MSG_QUIZ_JAPANESE_QUESTION_988,MSG_QUIZ_JAPANESE_QUESTION_DESCRIPTION_988
989,1,3,MSG_QUIZ_JAPANESE_QUESTION_989,MSG_QUIZ_JAPANESE_QUESTION_DESCRIPTION_989
990,1,3,MSG_QUIZ_JAPANESE_QUESTION_990,MSG_QUIZ_JAPANESE_QUESTION_DESCRIPTION_990
991,1,3,MSG_QUIZ_JAPANESE_QUESTION_991,MSG_QUIZ_JAPANESE_QUESTION_DESCRIPTION_991
992,1,3,MSG_QUIZ_JAPANESE_QUESTION_992,MSG_QUIZ_JAPANESE_QUESTION_DESCRIPTION_992
993,1,3,MSG_QUIZ_JAPANESE_QUESTION_993,MSG_QUIZ_JAPANESE_QUESTION_DESCRIPTION_993
994,1,3,MSG_QUIZ_JAPANESE_QUESTION_994,MSG_QUIZ_JAPANESE_QUESTION_DESCRIPTION_994
995,1,3,MSG_QUIZ_JAPANESE_QUESTION_995,MSG_QUIZ_JAPANESE_QUESTION_DESCRIPTION_995
