#id,type,level,label
1,1,1,MSG_QUIZ_PROGRAMMING_QUESTION_1
2,1,1,MSG_QUIZ_PROGRAMMING_QUESTION_2
3,1,1,MSG_QUIZ_PROGRAMMING_QUESTION_3
4,1,1,MSG_QUIZ_PROGRAMMING_QUESTION_4
5,1,1,MSG_QUIZ_PROGRAMMING_QUESTION_5
6,1,1,MSG_QUIZ_PROGRAMMING_QUESTION_6
7,1,1,MSG_QUIZ_PROGRAMMING_QUESTION_7
8,1,1,MSG_QUIZ_PROGRAMMING_QUESTION_8
9,1,1,MSG_QUIZ_PROGRAMMING_QUESTION_9
10,1,1,MSG_QUIZ_PROGRAMMING_QUESTION_10
11,1,1,MSG_QUIZ_PROGRAMMING_QUESTION_11
12,1,1,MSG_QUIZ_PROGRAMMING_QUESTION_12
13,1,1,MSG_QUIZ_PROGRAMMING_QUESTION_13
14,1,1,MSG_QUIZ_PROGRAMMING_QUESTION_14
15,1,1,MSG_QUIZ_PROGRAMMING_QUESTION_15
16,1,1,MSG_QUIZ_PROGRAMMING_QUESTION_16
17,1,1,MSG_QUIZ_PROGRAMMING_QUESTION_17
18,1,1,MSG_QUIZ_PROGRAMMING_QUESTION_18
19,1,1,MSG_QUIZ_PROGRAMMING_QUESTION_19
20,1,1,MSG_QUIZ_PROGRAMMING_QUESTION_20
21,1,1,MSG_QUIZ_PROGRAMMING_QUESTION_21
22,1,1,MSG_QUIZ_PROGRAMMING_QUESTION_22
23,1,1,MSG_QUIZ_PROGRAMMING_QUESTION_23
24,1,1,MSG_QUIZ_PROGRAMMING_QUESTION_24
25,1,1,MSG_QUIZ_PROGRAMMING_QUESTION_25
26,1,1,MSG_QUIZ_PROGRAMMING_QUESTION_26
27,1,1,MSG_QUIZ_PROGRAMMING_QUESTION_27
28,1,1,MSG_QUIZ_PROGRAMMING_QUESTION_28
29,1,1,MSG_QUIZ_PROGRAMMING_QUESTION_29
30,1,1,MSG_QUIZ_PROGRAMMING_QUESTION_30
31,1,1,MSG_QUIZ_PROGRAMMING_QUESTION_31
32,1,1,MSG_QUIZ_PROGRAMMING_QUESTION_32
33,1,1,MSG_QUIZ_PROGRAMMING_QUESTION_33
34,1,1,MSG_QUIZ_PROGRAMMING_QUESTION_34
35,1,1,MSG_QUIZ_PROGRAMMING_QUESTION_35
36,1,1,MSG_QUIZ_PROGRAMMING_QUESTION_36
37,1,1,MSG_QUIZ_PROGRAMMING_QUESTION_37
38,1,1,MSG_QUIZ_PROGRAMMING_QUESTION_38
39,1,1,MSG_QUIZ_PROGRAMMING_QUESTION_39
40,1,1,MSG_QUIZ_PROGRAMMING_QUESTION_40
41,1,1,MSG_QUIZ_PROGRAMMING_QUESTION_41
42,1,1,MSG_QUIZ_PROGRAMMING_QUESTION_42
43,1,1,MSG_QUIZ_PROGRAMMING_QUESTION_43
44,1,1,MSG_QUIZ_PROGRAMMING_QUESTION_44
45,1,1,MSG_QUIZ_PROGRAMMING_QUESTION_45
46,1,1,MSG_QUIZ_PROGRAMMING_QUESTION_46
47,1,1,MSG_QUIZ_PROGRAMMING_QUESTION_47
48,1,1,MSG_QUIZ_PROGRAMMING_QUESTION_48
49,1,1,MSG_QUIZ_PROGRAMMING_QUESTION_49
50,1,1,MSG_QUIZ_PROGRAMMING_QUESTION_50
51,1,1,MSG_QUIZ_PROGRAMMING_QUESTION_51
52,1,1,MSG_QUIZ_PROGRAMMING_QUESTION_52
53,1,1,MSG_QUIZ_PROGRAMMING_QUESTION_53
54,1,1,MSG_QUIZ_PROGRAMMING_QUESTION_54
55,1,1,MSG_QUIZ_PROGRAMMING_QUESTION_55
56,1,1,MSG_QUIZ_PROGRAMMING_QUESTION_56
57,1,1,MSG_QUIZ_PROGRAMMING_QUESTION_57
58,1,1,MSG_QUIZ_PROGRAMMING_QUESTION_58
59,1,1,MSG_QUIZ_PROGRAMMING_QUESTION_59
60,1,1,MSG_QUIZ_PROGRAMMING_QUESTION_60
61,1,1,MSG_QUIZ_PROGRAMMING_QUESTION_61
62,1,1,MSG_QUIZ_PROGRAMMING_QUESTION_62
63,1,1,MSG_QUIZ_PROGRAMMING_QUESTION_63
64,1,1,MSG_QUIZ_PROGRAMMING_QUESTION_64
65,1,1,MSG_QUIZ_PROGRAMMING_QUESTION_65
66,1,1,MSG_QUIZ_PROGRAMMING_QUESTION_66
67,1,1,MSG_QUIZ_PROGRAMMING_QUESTION_67
68,1,1,MSG_QUIZ_PROGRAMMING_QUESTION_68
69,1,1,MSG_QUIZ_PROGRAMMING_QUESTION_69
70,1,1,MSG_QUIZ_PROGRAMMING_QUESTION_70
71,1,1,MSG_QUIZ_PROGRAMMING_QUESTION_71
72,1,1,MSG_QUIZ_PROGRAMMING_QUESTION_72
73,1,1,MSG_QUIZ_PROGRAMMING_QUESTION_73
74,1,1,MSG_QUIZ_PROGRAMMING_QUESTION_74
75,1,1,MSG_QUIZ_PROGRAMMING_QUESTION_75
76,1,1,MSG_QUIZ_PROGRAMMING_QUESTION_76
77,1,1,MSG_QUIZ_PROGRAMMING_QUESTION_77
78,1,1,MSG_QUIZ_PROGRAMMING_QUESTION_78
79,1,1,MSG_QUIZ_PROGRAMMING_QUESTION_79
80,1,1,MSG_QUIZ_PROGRAMMING_QUESTION_80
81,1,1,MSG_QUIZ_PROGRAMMING_QUESTION_81
82,1,1,MSG_QUIZ_PROGRAMMING_QUESTION_82
83,1,1,MSG_QUIZ_PROGRAMMING_QUESTION_83
84,1,1,MSG_QUIZ_PROGRAMMING_QUESTION_84
85,1,1,MSG_QUIZ_PROGRAMMING_QUESTION_85
86,1,1,MSG_QUIZ_PROGRAMMING_QUESTION_86
87,1,1,MSG_QUIZ_PROGRAMMING_QUESTION_87
88,1,1,MSG_QUIZ_PROGRAMMING_QUESTION_88
89,1,1,MSG_QUIZ_PROGRAMMING_QUESTION_89
90,1,1,MSG_QUIZ_PROGRAMMING_QUESTION_90
91,1,1,MSG_QUIZ_PROGRAMMING_QUESTION_91
92,1,1,MSG_QUIZ_PROGRAMMING_QUESTION_92
93,1,1,MSG_QUIZ_PROGRAMMING_QUESTION_93
94,1,1,MSG_QUIZ_PROGRAMMING_QUESTION_94
95,1,1,MSG_QUIZ_PROGRAMMING_QUESTION_95
96,1,1,MSG_QUIZ_PROGRAMMING_QUESTION_96
97,1,1,MSG_QUIZ_PROGRAMMING_QUESTION_97
98,1,1,MSG_QUIZ_PROGRAMMING_QUESTION_98
99,1,1,MSG_QUIZ_PROGRAMMING_QUESTION_99
100,1,1,MSG_QUIZ_PROGRAMMING_QUESTION_100
101,1,1,MSG_QUIZ_PROGRAMMING_QUESTION_101
102,1,1,MSG_QUIZ_PROGRAMMING_QUESTION_102
103,1,1,MSG_QUIZ_PROGRAMMING_QUESTION_103
104,1,1,MSG_QUIZ_PROGRAMMING_QUESTION_104
105,1,1,MSG_QUIZ_PROGRAMMING_QUESTION_105
106,1,1,MSG_QUIZ_PROGRAMMING_QUESTION_106
107,1,1,MSG_QUIZ_PROGRAMMING_QUESTION_107
108,1,1,MSG_QUIZ_PROGRAMMING_QUESTION_108
109,1,1,MSG_QUIZ_PROGRAMMING_QUESTION_109
110,1,1,MSG_QUIZ_PROGRAMMING_QUESTION_110
111,1,1,MSG_QUIZ_PROGRAMMING_QUESTION_111
112,1,1,MSG_QUIZ_PROGRAMMING_QUESTION_112
113,1,1,MSG_QUIZ_PROGRAMMING_QUESTION_113
114,1,1,MSG_QUIZ_PROGRAMMING_QUESTION_114
115,1,1,MSG_QUIZ_PROGRAMMING_QUESTION_115
116,1,1,MSG_QUIZ_PROGRAMMING_QUESTION_116
117,1,1,MSG_QUIZ_PROGRAMMING_QUESTION_117
118,1,1,MSG_QUIZ_PROGRAMMING_QUESTION_118
119,1,1,MSG_QUIZ_PROGRAMMING_QUESTION_119
120,1,1,MSG_QUIZ_PROGRAMMING_QUESTION_120
121,1,1,MSG_QUIZ_PROGRAMMING_QUESTION_121
122,1,1,MSG_QUIZ_PROGRAMMING_QUESTION_122
123,1,1,MSG_QUIZ_PROGRAMMING_QUESTION_123
124,1,1,MSG_QUIZ_PROGRAMMING_QUESTION_124
125,1,1,MSG_QUIZ_PROGRAMMING_QUESTION_125
126,1,1,MSG_QUIZ_PROGRAMMING_QUESTION_126
127,1,1,MSG_QUIZ_PROGRAMMING_QUESTION_127
128,1,1,MSG_QUIZ_PROGRAMMING_QUESTION_128
129,1,1,MSG_QUIZ_PROGRAMMING_QUESTION_129
130,1,1,MSG_QUIZ_PROGRAMMING_QUESTION_130
131,1,1,MSG_QUIZ_PROGRAMMING_QUESTION_131
132,1,1,MSG_QUIZ_PROGRAMMING_QUESTION_132
133,1,1,MSG_QUIZ_PROGRAMMING_QUESTION_133
134,1,1,MSG_QUIZ_PROGRAMMING_QUESTION_134
135,1,1,MSG_QUIZ_PROGRAMMING_QUESTION_135
136,1,1,MSG_QUIZ_PROGRAMMING_QUESTION_136
137,1,1,MSG_QUIZ_PROGRAMMING_QUESTION_137
138,1,1,MSG_QUIZ_PROGRAMMING_QUESTION_138
139,1,1,MSG_QUIZ_PROGRAMMING_QUESTION_139
140,1,1,MSG_QUIZ_PROGRAMMING_QUESTION_140
141,1,1,MSG_QUIZ_PROGRAMMING_QUESTION_141
142,1,1,MSG_QUIZ_PROGRAMMING_QUESTION_142
143,1,1,MSG_QUIZ_PROGRAMMING_QUESTION_143
144,1,1,MSG_QUIZ_PROGRAMMING_QUESTION_144
145,1,1,MSG_QUIZ_PROGRAMMING_QUESTION_145
146,1,1,MSG_QUIZ_PROGRAMMING_QUESTION_146
147,1,1,MSG_QUIZ_PROGRAMMING_QUESTION_147
148,1,1,MSG_QUIZ_PROGRAMMING_QUESTION_148
149,1,1,MSG_QUIZ_PROGRAMMING_QUESTION_149
150,1,1,MSG_QUIZ_PROGRAMMING_QUESTION_150
151,1,1,MSG_QUIZ_PROGRAMMING_QUESTION_151
152,1,1,MSG_QUIZ_PROGRAMMING_QUESTION_152
153,1,1,MSG_QUIZ_PROGRAMMING_QUESTION_153
154,1,1,MSG_QUIZ_PROGRAMMING_QUESTION_154
155,1,1,MSG_QUIZ_PROGRAMMING_QUESTION_155
156,1,1,MSG_QUIZ_PROGRAMMING_QUESTION_156
157,1,1,MSG_QUIZ_PROGRAMMING_QUESTION_157
158,1,1,MSG_QUIZ_PROGRAMMING_QUESTION_158
159,1,1,MSG_QUIZ_PROGRAMMING_QUESTION_159
160,1,1,MSG_QUIZ_PROGRAMMING_QUESTION_160
161,1,1,MSG_QUIZ_PROGRAMMING_QUESTION_161
162,1,1,MSG_QUIZ_PROGRAMMING_QUESTION_162
163,1,1,MSG_QUIZ_PROGRAMMING_QUESTION_163
164,1,1,MSG_QUIZ_PROGRAMMING_QUESTION_164
165,1,1,MSG_QUIZ_PROGRAMMING_QUESTION_165
166,1,1,MSG_QUIZ_PROGRAMMING_QUESTION_166
167,1,1,MSG_QUIZ_PROGRAMMING_QUESTION_167
168,1,1,MSG_QUIZ_PROGRAMMING_QUESTION_168
169,1,1,MSG_QUIZ_PROGRAMMING_QUESTION_169
170,1,1,MSG_QUIZ_PROGRAMMING_QUESTION_170
171,1,1,MSG_QUIZ_PROGRAMMING_QUESTION_171
172,1,1,MSG_QUIZ_PROGRAMMING_QUESTION_172
173,1,1,MSG_QUIZ_PROGRAMMING_QUESTION_173
174,1,1,MSG_QUIZ_PROGRAMMING_QUESTION_174
175,1,1,MSG_QUIZ_PROGRAMMING_QUESTION_175
176,1,1,MSG_QUIZ_PROGRAMMING_QUESTION_176
177,1,1,MSG_QUIZ_PROGRAMMING_QUESTION_177
178,1,1,MSG_QUIZ_PROGRAMMING_QUESTION_178
179,1,1,MSG_QUIZ_PROGRAMMING_QUESTION_179
180,1,1,MSG_QUIZ_PROGRAMMING_QUESTION_180
181,1,1,MSG_QUIZ_PROGRAMMING_QUESTION_181
182,1,1,MSG_QUIZ_PROGRAMMING_QUESTION_182
183,1,1,MSG_QUIZ_PROGRAMMING_QUESTION_183
184,1,1,MSG_QUIZ_PROGRAMMING_QUESTION_184
185,1,1,MSG_QUIZ_PROGRAMMING_QUESTION_185
186,1,1,MSG_QUIZ_PROGRAMMING_QUESTION_186
187,1,1,MSG_QUIZ_PROGRAMMING_QUESTION_187
188,1,1,MSG_QUIZ_PROGRAMMING_QUESTION_188
189,1,1,MSG_QUIZ_PROGRAMMING_QUESTION_189
190,1,1,MSG_QUIZ_PROGRAMMING_QUESTION_190
191,1,1,MSG_QUIZ_PROGRAMMING_QUESTION_191
192,1,1,MSG_QUIZ_PROGRAMMING_QUESTION_192
193,1,1,MSG_QUIZ_PROGRAMMING_QUESTION_193
194,1,1,MSG_QUIZ_PROGRAMMING_QUESTION_194
195,1,1,MSG_QUIZ_PROGRAMMING_QUESTION_195
196,1,1,MSG_QUIZ_PROGRAMMING_QUESTION_196
197,1,1,MSG_QUIZ_PROGRAMMING_QUESTION_197
198,1,1,MSG_QUIZ_PROGRAMMING_QUESTION_198
199,1,1,MSG_QUIZ_PROGRAMMING_QUESTION_199
200,1,1,MSG_QUIZ_PROGRAMMING_QUESTION_200
201,1,1,MSG_QUIZ_PROGRAMMING_QUESTION_201
202,1,1,MSG_QUIZ_PROGRAMMING_QUESTION_202
203,1,1,MSG_QUIZ_PROGRAMMING_QUESTION_203
204,1,1,MSG_QUIZ_PROGRAMMING_QUESTION_204
205,1,1,MSG_QUIZ_PROGRAMMING_QUESTION_205
206,1,1,MSG_QUIZ_PROGRAMMING_QUESTION_206
207,1,1,MSG_QUIZ_PROGRAMMING_QUESTION_207
208,1,1,MSG_QUIZ_PROGRAMMING_QUESTION_208
209,1,1,MSG_QUIZ_PROGRAMMING_QUESTION_209
210,1,1,MSG_QUIZ_PROGRAMMING_QUESTION_210
211,1,1,MSG_QUIZ_PROGRAMMING_QUESTION_211
212,1,1,MSG_QUIZ_PROGRAMMING_QUESTION_212
213,1,1,MSG_QUIZ_PROGRAMMING_QUESTION_213
214,1,1,MSG_QUIZ_PROGRAMMING_QUESTION_214
215,1,1,MSG_QUIZ_PROGRAMMING_QUESTION_215
216,1,1,MSG_QUIZ_PROGRAMMING_QUESTION_216
217,1,1,MSG_QUIZ_PROGRAMMING_QUESTION_217
218,1,1,MSG_QUIZ_PROGRAMMING_QUESTION_218
219,1,1,MSG_QUIZ_PROGRAMMING_QUESTION_219
220,1,1,MSG_QUIZ_PROGRAMMING_QUESTION_220
221,1,1,MSG_QUIZ_PROGRAMMING_QUESTION_221
222,1,1,MSG_QUIZ_PROGRAMMING_QUESTION_222
223,1,1,MSG_QUIZ_PROGRAMMING_QUESTION_223
224,1,1,MSG_QUIZ_PROGRAMMING_QUESTION_224
225,1,1,MSG_QUIZ_PROGRAMMING_QUESTION_225
226,1,1,MSG_QUIZ_PROGRAMMING_QUESTION_226
227,1,1,MSG_QUIZ_PROGRAMMING_QUESTION_227
228,1,1,MSG_QUIZ_PROGRAMMING_QUESTION_228
229,1,1,MSG_QUIZ_PROGRAMMING_QUESTION_229
230,1,1,MSG_QUIZ_PROGRAMMING_QUESTION_230
231,1,1,MSG_QUIZ_PROGRAMMING_QUESTION_231
232,1,1,MSG_QUIZ_PROGRAMMING_QUESTION_232
233,1,1,MSG_QUIZ_PROGRAMMING_QUESTION_233
234,1,1,MSG_QUIZ_PROGRAMMING_QUESTION_234
235,1,1,MSG_QUIZ_PROGRAMMING_QUESTION_235
236,1,1,MSG_QUIZ_PROGRAMMING_QUESTION_236
237,1,1,MSG_QUIZ_PROGRAMMING_QUESTION_237
238,1,1,MSG_QUIZ_PROGRAMMING_QUESTION_238
239,1,1,MSG_QUIZ_PROGRAMMING_QUESTION_239
240,1,1,MSG_QUIZ_PROGRAMMING_QUESTION_240
241,1,1,MSG_QUIZ_PROGRAMMING_QUESTION_241
242,1,1,MSG_QUIZ_PROGRAMMING_QUESTION_242
243,1,1,MSG_QUIZ_PROGRAMMING_QUESTION_243
244,1,1,MSG_QUIZ_PROGRAMMING_QUESTION_244
245,1,1,MSG_QUIZ_PROGRAMMING_QUESTION_245
246,1,1,MSG_QUIZ_PROGRAMMING_QUESTION_246
247,1,1,MSG_QUIZ_PROGRAMMING_QUESTION_247
248,1,1,MSG_QUIZ_PROGRAMMING_QUESTION_248
249,1,1,MSG_QUIZ_PROGRAMMING_QUESTION_249
250,1,1,MSG_QUIZ_PROGRAMMING_QUESTION_250
251,1,1,MSG_QUIZ_PROGRAMMING_QUESTION_251
252,1,1,MSG_QUIZ_PROGRAMMING_QUESTION_252
253,1,1,MSG_QUIZ_PROGRAMMING_QUESTION_253
254,1,1,MSG_QUIZ_PROGRAMMING_QUESTION_254
255,1,1,MSG_QUIZ_PROGRAMMING_QUESTION_255
256,1,1,MSG_QUIZ_PROGRAMMING_QUESTION_256
257,1,1,MSG_QUIZ_PROGRAMMING_QUESTION_257
258,1,1,MSG_QUIZ_PROGRAMMING_QUESTION_258
259,1,1,MSG_QUIZ_PROGRAMMING_QUESTION_259
260,1,1,MSG_QUIZ_PROGRAMMING_QUESTION_260
261,1,1,MSG_QUIZ_PROGRAMMING_QUESTION_261
262,1,1,MSG_QUIZ_PROGRAMMING_QUESTION_262
263,1,1,MSG_QUIZ_PROGRAMMING_QUESTION_263
264,1,1,MSG_QUIZ_PROGRAMMING_QUESTION_264
265,1,1,MSG_QUIZ_PROGRAMMING_QUESTION_265
266,1,1,MSG_QUIZ_PROGRAMMING_QUESTION_266
267,1,1,MSG_QUIZ_PROGRAMMING_QUESTION_267
268,1,1,MSG_QUIZ_PROGRAMMING_QUESTION_268
269,1,1,MSG_QUIZ_PROGRAMMING_QUESTION_269
270,1,1,MSG_QUIZ_PROGRAMMING_QUESTION_270
271,1,1,MSG_QUIZ_PROGRAMMING_QUESTION_271
272,1,1,MSG_QUIZ_PROGRAMMING_QUESTION_272
273,1,1,MSG_QUIZ_PROGRAMMING_QUESTION_273
274,1,1,MSG_QUIZ_PROGRAMMING_QUESTION_274
275,1,1,MSG_QUIZ_PROGRAMMING_QUESTION_275
276,1,1,MSG_QUIZ_PROGRAMMING_QUESTION_276
277,1,1,MSG_QUIZ_PROGRAMMING_QUESTION_277
278,1,1,MSG_QUIZ_PROGRAMMING_QUESTION_278
279,1,1,MSG_QUIZ_PROGRAMMING_QUESTION_279
280,1,1,MSG_QUIZ_PROGRAMMING_QUESTION_280
281,1,1,MSG_QUIZ_PROGRAMMING_QUESTION_281
282,1,1,MSG_QUIZ_PROGRAMMING_QUESTION_282
283,1,1,MSG_QUIZ_PROGRAMMING_QUESTION_283
284,1,1,MSG_QUIZ_PROGRAMMING_QUESTION_284
285,1,1,MSG_QUIZ_PROGRAMMING_QUESTION_285
286,1,1,MSG_QUIZ_PROGRAMMING_QUESTION_286
287,1,1,MSG_QUIZ_PROGRAMMING_QUESTION_287
288,1,1,MSG_QUIZ_PROGRAMMING_QUESTION_288
289,1,1,MSG_QUIZ_PROGRAMMING_QUESTION_289
290,1,1,MSG_QUIZ_PROGRAMMING_QUESTION_290
291,1,1,MSG_QUIZ_PROGRAMMING_QUESTION_291
292,1,1,MSG_QUIZ_PROGRAMMING_QUESTION_292
293,1,1,MSG_QUIZ_PROGRAMMING_QUESTION_293
294,1,1,MSG_QUIZ_PROGRAMMING_QUESTION_294
295,1,1,MSG_QUIZ_PROGRAMMING_QUESTION_295
296,1,1,MSG_QUIZ_PROGRAMMING_QUESTION_296
297,1,1,MSG_QUIZ_PROGRAMMING_QUESTION_297
298,1,1,MSG_QUIZ_PROGRAMMING_QUESTION_298
299,1,1,MSG_QUIZ_PROGRAMMING_QUESTION_299
300,1,1,MSG_QUIZ_PROGRAMMING_QUESTION_300