## id,level,data
1,1,91-7-----;-326-9-8-;--7-8-9--;-86-3-17-;3-------6;-51-2-84-;--9-5-3--;-2-3-149-;-----2-61
2,1,6--7-54-3;--3-2-7--;-----6-51;2-5-6-9-4;-7-----1-;9-1-7-5-8;53-8-----;--8-9-3--;7-61-3--9
3,1,-975-18--;8---2----;12-4-3-9-;75-----2-;--42-93--;-8-----19;-4-7-6-85;----5---1;--81-426-
4,1,83-5-9-6-;-621-87--;7---3----;21-----3-;--53-69--;-7-----86;----1---8;--78-534-;-5-2-4-71
5,1,92-1-----;-638-9-4-;--1-4-9--;-48-6-21-;6-------8;-52-3-47-;--9-5-6--;-3-6-279-;-----3-82
6,1,-----61-5;3--1-9-42;-1--3--6-;65--2--93;--9---2--;83--4--57;-2--7--1-;18-5-2--4;9-54-----
7,1,7-16-28--;-8--4----;42-9-5--7;61------4;--94-75--;8------72;9--1-3-68;----6--2-;--82-94-3
8,1,7-41-2--3;-268-94--;-3--6----;-71---6--;8--6-4--9;--3---24-;----1--2-;--87-531-;3--2-85-6
9,1,4---5---1;7-12-48--;-238-----;9-7-8-5-2;-3-----4-;2-6-4-9-3;-----621-;--91-34-8;1---9---6
10,1,-1--6--9-;9-51-----;-487-96--;-76-8-15-;8-------7;-53-4-26-;--48-592-;-----47-5;-9--3--8-
11,1,-4--5----;2-31-8--4;-856-93--;-21---5--;6--5-3--9;--4---83-;--62-741-;4--8-67-5;----1--8-
12,1,-----6-27;--2-5-6--;5--2-43-9;6-7-9-4-5;-4-----9-;8-5-3-7-1;2-87-9--3;--9-1-2--;47-3-----
13,1,-924-----;5-86-93--;4---3---9;6-3-8-4-2;-8-----6-;2-1-5-7-3;9---1---8;--58-29-7;-----562-
14,1,--2-8-4--;-796-4-8-;43-2-----;-86-7-32-;7-------6;-53-9-81-;-----9-63;-9-7-314-;--4-5-7--
15,1,3--1-72-9;-----6-14;--1-3-6--;6-4-9-7-3;-7-----9-;5-3-2-4-8;--9-8-1--;74-2-----;1-54-9--2
16,1,8--3-6-21;----2--7-;--17-85-6;1------47;--85-49--;23------5;4-32-71--;-1--5----;57-8-9--4
17,1,93-5-----;4-23-8--5;--8-6-4--;2-7-5-3-6;-9-----8-;1-3-8-9-7;--4-7-1--;7--4-95-8;-----1-43
18,1,64-8-7--1;5-72-----;-2--1--7-;18--6--52;--6---8--;95--4--13;-7--9--6-;-----45-8;4--6-5-37
19,1,-735-1-8-;65-8-2--7;--2-3----;-24----7-;9--4-6--8;-6----13-;----6-7--;7--2-3-41;-4-9-826-
20,1,-248-7-5-;--7-9-2--;83-5-----;-46-5-89-;3-------7;-18-7-36-;-----1-82;--2-6-1--;-6-2-357-
21,1,48-9-7--6;-375-1-8-;--6-3----;-94----3-;5--3-8--1;-6----87-;----9-7--;-5-4-296-;6--7-5-23
22,1,----9-3--;-2-6-159-;3--5-8-24;-9----48-;6--2-9--1;-52----3-;97-1-5--3;-387-4-1-;--5-8----
23,1,94-2-3-5-;--3-1----;5-19-6--2;3-7-----5;-8-7-4-2-;4-----6-1;7--8-23-4;----4-5--;-5-3-1-67
24,1,-147-56--;-9--6--5-;5-39-----;-76-4-93-;4-------7;-32-1-86-;-----17-3;-5--2--4-;--14-358-
25,1,--21-695-;----5--3-;9--3-26-4;--9---38-;2--4-8--7;-15---4--;1-85-3--9;-9--4----;-342-78--
26,1,86-7-5-2-;-742-96--;9---8----;39-----6-;--13-42--;-4-----85;----4---6;--69-853-;-3-1-2-49
27,1,--8-9-1--;-137-8-4-;75-4-----;-36-4-79-;5-------8;-27-8-56-;-----2-71;-6-1-548-;--1-6-2--
28,1,-----514-;-5-9-1-67;6---3---9;13--5--72;--9---4--;42--9--81;8---2---6;59-4-6-2-;-168-----
29,1,4--9-62-3;-3-1-4-86;----2-1--;3-----7-1;-4-8-7-5-;2-9-----8;--3-8----;79-2-1-3-;8-14-5--7
30,1,--13-98-5;-----149-;8---6---3;9-6-1-5-2;-3-----4-;4-2-3-7-9;7---2---8;-897-----;1-34-82--
31,1,-398-----;8---6---3;5-42-36--;2-6-4-8-9;-4-----2-;9-1-5-7-6;--54-93-7;3---1---4;-----529-
32,1,95-7-1-2-;6---5----;-234-96--;34-----5-;--75-21--;-6-----92;--69-758-;----4---9;-7-3-8-64
33,1,--6-7-9--;-1-9-836-;-----1-58;-78-1-23-;9-------5;-25-9-84-;68-4-----;-915-6-2-;--4-2-6--
34,1,6---1----;-759-46--;41-8-2-7-;59-----1-;--81-72--;-6-----47;-8-5-3-69;--64-813-;----9---4
35,1,2--9-65-4;----1--2-;--58-319-;--1---64-;8--5-1--3;-59---2--;-627-43--;-9--6----;1-73-9--2
36,1,-913-54--;3-74-----;-5--8--1-;-69-4-83-;7-------5;-32-5-67-;-1--6--2-;-----23-1;--61-754-
37,1,-2--8--9-;46-3-9--8;7-92-----;83--4--72;--4---3--;57--6--81;-----67-3;6--4-7-19;-9--5--4-
38,1,--25-31-7;3--8-7-42;----4--5-;2------95;--31-96--;48------1;-2--1----;15-3-6--9;9-84-52--
39,1,7-19-----;-2--4--8-;-587-29--;-35-9-47-;1-------2;-76-2-31-;--38-129-;-8--3--6-;-----67-8
40,1,-5-8-7-64;6---1---8;-----579-;71--5--43;--8---9--;93--8--27;-762-----;2---3---6;58-9-6-3-
41,1,-----17-9;-7--5--1-;5--7-2-83;19--3--25;--2---3--;65--8--94;76-9-3--8;-3--4--7-;2-98-----
42,1,-465-97--;3-78-4--2;-2--6----;-38---6--;5--6-7--9;--2---47-;----8--4-;2--4-51-6;--53-128-
43,1,6--7-4-29;-2-3-875-;----5-6--;-5----94-;3--2-5--8;-72----6-;--7-4----;-641-9-8-;51-8-7--6
44,1,-6--5--7-;5--6-9-34;-----76-2;72--4--95;--9---4--;85--3--21;9-23-----;68-2-4--3;-4--1--6-
45,1,----8---6;--67-425-;-5-9-3-87;-8-----42;--95-83--;57-----6-;46-1-2-3-;-183-76--;7---4----
46,1,93-4-6--7;7-52-31--;-1--9----;25------9;--49-76--;1------73;----2--3-;--13-49-8;4--5-8-21
47,1,----9--2-;4--5-7-98;--82-43-7;8------12;--43-16--;95------3;1-59-28--;32-4-6--1;-8--3----
48,1,28-6-9-1-;7-95-3--2;--1-7----;6-8-----7;-5-7-2-3-;1-----2-9;----6-9--;5--8-46-1;-1-9-5-74
49,1,6--3-2-41;----1--8-;--84-97-6;1------79;--36-12--;46------8;5-12-48--;-4--9----;89-5-7--2
50,1,6-84-----;-291-67--;-4--7--6-;-17-9-48-;9-------1;-85-2-37-;-6--5--9-;--29-863-;-----21-8
51,1,8---9---7;-134-----;5-71-84--;6-5-4-9-1;-3-----8-;1-2-8-6-3;--67-38-4;-----217-;7---6---2
52,1,----1---2;--25-689-;-9-4-3-15;-1-----68;--49-13--;95-----2-;62-7-8-3-;-713-52--;5---6----
53,1,58-3-6--2;--6-9----;-298-4-3-;-61----2-;7--1-5--3;-5----49-;-1-7-365-;----5-2--;2--6-9-14
54,1,2--5-79-3;----8--5-;--74-928-;--2---51-;7--3-1--6;-48---3--;-537-61--;-2--3----;4-18-5--2
55,1,93-2-----;--2-7-3--;8-65-3--7;7-5-8-9-2;-8-----5-;4-9-6-7-1;6--8-91-3;--3-4-8--;-----6-95
56,1,85-2-3-1-;7---8----;-261-75--;97-----5-;--49-61--;-6-----83;--57-839-;----6---5;-9-4-1-67
57,1,6---1----;51-2-3-9-;-978-56--;78-----1-;--21-93--;-6-----59;--65-214-;-2-7-4-68;----8---5
58,1,7---5---3;-317-----;9-64-35--;4-5-6-7-1;-6-----4-;1-2-9-8-5;--96-13-8;-----941-;3---2---6
59,1,----5---3;-1-4-7-58;--38-691-;-5-----69;--41-57--;18-----3-;-257-83--;63-2-9-7-;8---6----
60,1,-----2-76;--8-4-1--;2--1-75-8;4-7-2-3-5;-1-----6-;3-6-1-7-9;1-26-8--3;--9-3-8--;78-9-----
61,1,--79-46-5;----6---2;-2-5-871-;--6---8-1;-9-7-6-4-;7-5---2--;-634-5-2-;5---8----;8-23-14--
62,1,-9--7----;78-3-4--5;5-61-89--;16------7;--37-54--;9------58;--98-37-2;3--6-2-19;----1--8-
63,1,-4--7----;9-21-54--;75-3-6--9;12------7;--37-96--;4------95;3--2-8-14;--45-37-8;----1--5-
64,1,--24-789-;-----16-4;-4--2--1-;-61-8-27-;7-------8;-23-9-56-;-8--5--4-;6-79-----;-346-89--
65,1,8-52-1--3;-3--9----;-197-65--;-82---9--;7--9-5--6;--3---15-;--78-432-;----2--1-;3--1-74-9
66,1,-1--2--8-;2--1-9-47;-----81-3;83--7--92;--9---7--;62--4--35;9-34-----;16-3-7--4;-7--5--1-
67,1,-196-82--;-3--2--8-;8-43-----;-62-9-34-;9-------6;-45-1-72-;-----16-4;-8--5--9-;--19-487-
68,1,4--7-9-15;--52-48-9;----1--2-;5------32;--48-36--;17------8;-5--8----;3-71-25--;82-4-6--3
69,1,32-7-4-5-;--5-9----;9-46-8--3;7-2-----9;-6-9-3-8-;5-----3-4;6--2-17-5;----7-4--;-5-4-6-91
70,1,-4-8-1-67;6---9---8;-----412-;19--4--75;--8---2--;25--8--31;-163-----;3---5---6;48-2-6-5-
71,1,-435-8-1-;8-97-63--;1---9----;4-5---9--;-7-9-3-6-;--1---8-3;----5---8;--74-21-5;-1-8-729-
72,1,-----5-79;--7-3-5--;3--7-26-8;5-9-8-2-3;-2-----8-;1-3-6-9-4;7-19-8--6;--8-4-7--;29-6-----
73,1,-2--4----;-459-16--;7-96-2--5;-32---5--;8--3-7--6;--7---41-;5--2-43-1;--38-672-;----7--5-
74,1,6-73-84--;-8--5----;45-6-1--3;89------4;--29-73--;7------15;9--2-3-87;----7--4-;--48-51-9
75,1,----7--8-;--59-147-;4--8-51-2;--4---86-;5--2-6--3;-97---2--;9-67-8--4;-825-36--;-4--2----
76,1,4--6-8-52;----5--1-;--21-49-8;2------71;--49-73--;56------9;7-65-12--;-2--9----;91-4-3--7
77,1,-3-7-648-;--7-3-9--;-----9-57;-95-8-63-;6-------8;-23-4-51-;56-4-----;--8-1-7--;-725-8-4-
78,1,-3--2--1-;-----14-3;--23-685-;-41-8-26-;6-------8;-27-5-94-;-734-85--;4-65-----;-8--9--3-
79,1,52-4-6-1-;1-75-3--4;--6-7----;6-8-----1;-9-8-2-4-;2-----3-7;----2-1--;8--9-46-2;-1-6-7-38
80,1,-3--2--7-;-175-39--;5-69-----;-41-9-25-;6-------3;-58-3-46-;-----85-7;--47-639-;-7--4--8-
81,1,--1-5----;36-2-8-1-;5-87-4--3;2-6-----5;-7-5-3-4-;1-----3-8;7--6-92-1;-1-8-7-59;----2-8--
82,1,3---8---2;-253-----;4-91-28--;1-8-9-3-5;-9-----1-;5-6-4-7-8;--49-52-7;-----415-;2---6---9
83,1,6---8---4;-271-----;3-42-61--;5-3-1-8-2;-7-----6-;2-9-6-5-7;--54-76-1;-----924-;4---5---9
84,1,----4--1-;1--9-58-3;--86-249-;--4---53-;6--8-4--2;-89---1--;-517-32--;4-72-9--1;-9--5----
85,1,--13-864-;----4--2-;6--2-18-5;--6---27-;1--5-7--9;-34---5--;3-74-2--6;-6--5----;-251-97--
86,1,-7--4--8-;-325-84--;8-67-----;-54-2-76-;2-------5;-61-3-94-;-----35-6;--32-689-;-8--1--2-
87,1,74-9-5-6-;--6-2----;2-53-1--7;9-4-----2;-3-2-7-1-;6-----7-5;3--4-89-6;----9-5--;-6-5-3-28
88,1,4--3-5-72;-3--4--9-;-----93-1;91--2--54;--5---2--;84--7--16;5-17-----;-2--6--3-;38-1-2--7
89,1,--62-418-;----8--9-;1--9-64-5;--1---97-;6--5-7--3;-28---5--;2-78-9--1;-1--5----;-956-37--
90,1,-----86-1;-1--5--8-;--51-293-;-68-9-52-;2-------9;-57-3-46-;-716-93--;-9--4--1-;6-23-----
91,1,-2-9-146-;--45-73-9;----3---2;--3---1-6;-5-4-3-7-;4-9---2--;9---1----;1-28-67--;-387-9-2-
92,1,-193-42--;-4--5--9-;3-62-----;-81-2-53-;6-------4;-37-4-86-;-----73-9;-9--8--7-;--89-642-
93,1,43-9-8-7-;2---3----;-716-42--;16-----3-;--93-78--;-2-----47;--24-935-;----6---4;-9-1-5-26
94,1,-5--2----;6-18-75--;27-3-4--6;81------2;--32-64--;5------67;3--1-9-85;--57-32-9;----8--7-
95,1,9--8-4-61;-6-2-387-;----7-9--;-7----14-;2--6-7--3;-86----9-;--8-4----;-945-1-3-;75-3-8--9
96,1,5---8----;87-2-9-3-;-243-57--;15-----7-;--61-43--;-4-----89;--75-891-;-1-6-3-45;----4---7
97,1,-----4-39;-4-8-976-;--6-2-8--;-29-4-57-;8-------3;-53-8-91-;--1-5-6--;-843-6-5-;69-1-----
98,1,-5--8--3-;64-2-3--8;9-35-----;82--6--95;--6---2--;19--4--87;-----49-2;4--6-9-73;-3--1--6-
99,1,-9--2----;3-17-4--9;-426-81--;-37---2--;6--2-1--8;--9---41-;--63-597-;9--4-65-2;----7--4-
100,1,-----285-;8---1---2;-1-8-4-63;52--6--14;--4---6--;19--3--75;98-5-6-3-;6---7---8;-453-----
101,1,----3-4--;5--4-8-69;-8-7-635-;-5----24-;8--9-2--1;-37----9-;-948-1-2-;72-3-4--5;--5-9----
102,1,9---1----;-382-6-9-;6-15-78--;3-2---1--;-5-1-8-7-;--9---6-8;--53-49-2;-9-6-541-;----2---6
103,1,9--5-7-41;----2-9--;-4-3-652-;-2----17-;3--4-2--6;-54----9-;-978-1-6-;--5-7----;28-6-5--9
104,1,7---2---1;43-6-1-2-;-817-----;62--3--78;--3---6--;85--4--92;-----486-;-4-3-8-19;1---5---3
105,1,89-7-3-2-;--3-4----;2-48-5--7;3-1-----2;-6-1-9-7-;9-----5-4;1--6-73-9;----9-2--;-2-3-4-51
106,1,--9-5----;37-6-4-9-;5-42-8--3;6-7-----5;-2-5-3-8-;9-----3-4;2--7-16-9;-9-4-2-51;----6-4--
107,1,-----123-;3---5---1;--53-49-6;2-1-9-5-4;-4-----9-;5-7-6-8-2;7-32-96--;9---8---3;-246-----
108,1,8-46-31--;-357-----;7---1---3;6-1-4-7-5;-4-----6-;5-2-8-9-1;3---2---4;-----865-;--84-53-9
109,1,4---3---7;6-71-49--;-129-----;5-6-9-3-1;-2-----4-;1-8-4-5-2;-----817-;--57-24-9;7---5---8
110,1,-1-5-483-;--42-81-6;----6---5;--1---5-7;-4-3-7-9-;2-6---3--;1---3----;5-34-97--;-276-5-1-
111,1,1---2---8;-674-----;58-7-1-4-;35--4--27;--6---1--;79--1--36;-3-8-6-14;-----987-;8---3---9
112,1,-1-6-394-;-----1-53;--4-8-6--;-83-1-29-;6-------5;-25-6-37-;--7-2-4--;43-7-----;-615-4-2-
113,1,1--5-6-34;----7-5--;-6-2-371-;-1----95-;6--4-9--8;-72----4-;-456-8-9-;--1-4----;29-7-5--1
114,1,--15-862-;-2-4-9-35;----3---1;-3-----86;--42-39--;25-----1-;5---8----;81-7-6-9-;-739-51--
115,1,--5-6----;24-3-5--8;-864-7-3-;-51----8-;9--1-2--3;-2----76-;-1-9-352-;8--5-6-17;----2-8--
116,1,6-27-81--;38-4-9--6;-1--3----;72------3;--43-69--;1------68;----7--8-;4--2-5-71;--18-43-5
117,1,--8-5-1--;-----1-98;-5-8-372-;-19-2-35-;3-------2;-65-7-94-;-869-2-7-;93-7-----;--2-4-8--
118,1,----5--7-;9--4-8-56;--67-91-8;6------37;--91-32--;54------1;3-45-76--;17-9-2--3;-6--1----
119,1,-3-7-456-;9--5-1-32;----6-9--;-6----21-;7--3-6--4;-53----9-;--5-1----;68-4-5--9;-918-2-4-
120,1,76-3-4-5-;-395-86--;8---7----;18-----6-;--21-95--;-9-----74;----9---6;--68-741-;-1-2-5-98
121,1,37-4-1--8;-1--2--3-;6-48-----;75--8--42;--6---1--;94--1--65;-----93-4;-3--5--9-;5--3-6-81
122,1,----1--2-;7--2-35-8;--39-571-;--7---26-;3--8-6--4;-91---8--;-283-46--;9-61-2--7;-7--8----
123,1,2--6-45-3;--3-1-6--;-----2-49;1-4-2-8-5;-6-----9-;8-9-6-4-7;43-7-----;--7-8-3--;6-29-3--8
124,1,----5--6-;1--2-7-85;--68-94-1;5------49;--21-57--;81------6;3-57-86--;69-3-4--7;-8--9----
125,1,7--8-3-64;-3-1-627-;----2-8--;-7----58-;3--4-5--9;-21----4-;--7-4----;-483-9-5-;15-2-8--7
126,1,--79-124-;8--4-37-5;----2--8-;--2---35-;9--7-2--1;-74---8--;-4--3----;2-61-4--8;-386-51--
127,1,-1-6-735-;--34-98-6;----8---1;--8---7-5;-4-3-8-9-;3-6---1--;6---7----;7-12-59--;-829-6-1-
128,1,-5--9----;96-4-8--2;2-13-65--;31------9;--49-28--;5------26;--56-49-7;4--1-7-35;----3--6-
129,1,7-38-----;96-4-3--2;-8--2--3-;24--9--78;--9---4--;17--6--25;-3--1--9-;6--9-7-53;-----67-4
130,1,16-2-----;--3-8-9--;9-46-3--2;4-7-2-6-8;-1-----3-;5-6-3-1-7;7--9-12-3;--9-7-5--;-----5-96
131,1,----2---7;-6-1-5-82;--87-695-;-8-----73;--69-34--;12-----9-;-312-78--;79-6-4-3-;8---9----
132,1,4-15-----;29-1-6--5;-6--8--2-;97--5--18;--4---6--;31--6--47;-2--7--3-;7--2-4-56;-----32-1
133,1,35-8-1--4;-2--5----;8-74-23--;26------3;--96-74--;7------15;--32-51-6;----7--3-;6--9-4-27
134,1,-1-6-379-;5--7-8-12;----9-5--;-9----28-;6--1-9--3;-71----5-;--7-8----;94-3-7--5;-584-2-3-
135,1,--1-9----;-694-7-3-;24-3-1--6;-18----6-;5--8-2--3;-2----79-;6--1-9-87;-8-5-312-;----2-6--
136,1,9-14-6--3;-685-21--;-3--8----;-94---8--;5--8-1--2;--3---61-;----4--6-;--59-734-;3--6-57-8
137,1,95-7-3--8;--8-1----;-134-6-5-;-79----1-;4--1-5--6;-8----53-;-4-9-278-;----7-3--;8--3-4-21
138,1,34-7-----;--7-8-4--;9-56-4--8;8-6-9-3-7;-9-----6-;2-3-5-8-1;5--9-31-4;--4-2-9--;-----5-36
139,1,7---5---3;-----367-;--57-24-9;6-3-4-5-2;-2-----4-;5-1-9-8-6;1-76-49--;-629-----;4---8---7
140,1,4--3-85-2;--3-4-9--;-----9-31;9-1-2-8-4;-8-----2-;6-4-5-1-7;81-5-----;--2-7-3--;3-61-2--5
141,1,--1-6-2--;-275-1-4-;53-4-----;-79-4-56-;3-------1;-85-1-39-;-----8-52;-9-2-341-;--2-9-8--
142,1,--7-8-3--;16-2-----;3-56-7--2;5-9-2-6-8;-1-----7-;4-6-7-1-9;9--3-12-7;-----4-36;--3-9-4--
143,1,-----84-6;-7--3--2-;--82-671-;-63-8-19-;2-------4;-49-2-56-;-824-79--;-5--9--7-;7-65-----
144,1,7-31-----;-527-91--;-9--8--2-;-65-1-87-;3-------9;-74-9-63-;-2--6--4-;--62-391-;-----47-2
145,1,3--7-45-1;----8--3-;--52-987-;--8---41-;2--5-8--9;-57---3--;-436-19--;-7--4----;8-69-7--3
146,1,-4-8-173-;6--7-5-49;----3-6--;-3----95-;8--4-3--1;-74----6-;--7-5----;32-1-7--6;-652-9-1-
147,1,2---9---5;--92-46-8;-----572-;7-5-6-9-4;-4-----6-;9-1-8-3-7;-748-----;1-27-68--;6---3---2
148,1,-542-3-1-;36-9-----;--9-1-3--;-12-5-69-;5-------2;-76-4-18-;--3-7-5--;-----4-26;-4-5-683-
149,1,98-7-----;--7-5-8--;2-31-8--5;5-1-2-9-7;-2-----1-;6-9-3-5-4;3--2-94-8;--8-6-2--;-----3-91
150,1,7---8---1;23-5-1-8-;-417-----;58--3--74;--3---5--;46--2--98;-----245-;-2-3-4-19;1---6---3
151,1,87-6-1--5;-2--7----;6-35-28--;24------8;--94-35--;3------17;--82-71-4;----3--8-;4--9-5-23
152,1,13-4-5--9;-5--8--1-;7-49-----;36--9--48;--7---5--;24--5--76;-----21-4;-1--6--2-;6--1-7-95
153,1,--7-8-3--;-8-7-216-;-----3-57;-35-6-28-;2-------6;-98-1-54-;52-1-----;-795-6-1-;--6-4-7--
154,1,-9-4-127-;8--2-3-96;----7-8--;-7----63-;4--9-7--1;-29----8-;--2-3----;75-1-2--8;-835-6-1-
155,1,----6---3;-3-9-574-;--72-86-9;--6---5-4;-2-7-6-8-;7-9---3--;5-31-48--;-618-9-3-;9---5----
156,1,1--7-4-28;----5-1--;-2-9-375-;-5----84-;9--2-5--3;-72----1-;-146-8-3-;--7-4----;56-3-7--1
157,1,61-2-7-3-;--3-4----;4-78-9--6;2-1-----4;-8-4-6-9-;3-----6-7;8--1-52-3;----2-7--;-3-7-8-45
158,1,-459-----;83-2-5-7-;9---7---5;27--3--94;--3---2--;46--8--17;5---6---3;-8-3-4-51;-----842-
159,1,--5-3----;3-74-9--6;61-8-7-5-;8-1-----3;-4-3-6-9-;5-----6-7;-5-7-4-32;4--1-28-5;----8-7--
160,1,85-6-----;-348-7-6-;--7-9-3--;-41-6-89-;5-------7;-28-7-51-;--3-1-2--;-1-3-567-;-----2-83
161,1,2---5---9;-176-----;8-91-26--;4-8-6-5-1;-7-----2-;1-3-2-4-7;--49-72-6;-----319-;9---4---3
162,1,--1-6-4--;2--4-58-1;-----2-57;6-5-2-3-8;-4-----7-;3-7-4-5-9;51-9-----;4-27-1--3;--9-3-1--
163,1,--5-8-2--;69-3-----;2-49-5--3;4-1-3-9-8;-6-----5-;7-9-5-6-1;1--2-63-5;-----7-29;--2-1-7--
164,1,-2--8--3-;8--2-6-95;-----32-1;31--5--68;--6---5--;48--9--17;6-19-----;24-1-5--9;-5--7--2-
165,1,2---8---6;-----632-;--82-19-4;3-6-9-8-1;-1-----9-;8-7-4-5-3;7-23-94--;-314-----;9---5---2
166,1,-874-3-9-;9---1----;3-12-57--;8-4---1--;-2-1-7-5-;--9---3-7;--28-69-4;----4---3;-9-3-261-
167,1,--93-281-;----5---3;-2-7-1-95;-9-----36;--28-64--;75-----8-;38-2-4-6-;9---8----;-675-39--
168,1,-----347-;9---1---2;--32-79-5;7-1-3-5-6;-2-----4-;4-6-2-8-7;3-24-96--;8---6---9;-978-----
169,1,--38-74-6;----4---5;-5-6-231-;--4---2-1;-8-3-4-7-;3-6---5--;-497-6-5-;6---2----;2-59-17--
170,1,-----27-9;-9--3--2-;--39-685-;-72-8-36-;6-------8;-31-5-47-;-197-85--;-8--4--9-;7-65-----
171,1,----1-8--;6--3-91-5;-5-8-6-79;5-----2-8;-6-7-2-4-;1-3-----7;23-1-8-5-;7-86-4--2;--5-7----
172,1,----1---6;--47-31-9;-6-9-845-;--1---8-5;-7-4-1-3-;4-9---6--;-123-9-6-;8-62-53--;9---8----
173,1,-914-23--;7-36-9--5;-5--1----;-76---1--;4--1-3--2;--5---93-;----6--9-;5--9-48-1;--47-856-
174,1,-----79-2;5--9-6-43;-9--5--7-;72--3--65;--6---3--;15--4--28;-3--8--9-;91-2-3--4;6-24-----
175,1,7-91-4--5;-4--6----;-659-81--;-34---5--;2--3-7--1;--7---68-;--32-174-;----7--5-;5--4-63-8
176,1,-531-----;7-98-52--;1---2---5;8-2-9-1-3;-9-----8-;3-6-7-4-2;5---6---9;--79-35-4;-----783-
177,1,81-5-9-7-;4---1----;-762-84--;62-----1-;--51-79--;-4-----87;--48-513-;----2---8;-5-6-3-42
178,1,--1-7----;-279-6-4-;59-4-1--2;-18----2-;3--8-5--4;-5----67-;2--1-7-86;-8-3-415-;----5-2--
179,1,3-15-86--;-596-----;8---2---1;4-3-6-2-5;-9-----8-;5-7-8-4-9;1---4---7;-----751-;--41-98-6
180,1,5---2----;-491-7-5-;7-26-89--;4-1---2--;-6-2-9-8-;--5---7-9;--64-35-1;-5-7-632-;----1---7
181,1,-1-3-7-84;8---2---3;-----179-;72--1--45;--3---9--;95--3--67;-786-----;6---5---8;13-9-8-5-
182,1,7--4-65-1;----5-8--;-1-8-7-36;1-----9-8;-7-3-9-2-;5-4-----3;94-5-8-1-;--1-3----;3-87-2--9
183,1,--26-98-1;9--4-1-52;----5--6-;2------36;--98-37--;54------8;-2--8----;86-9-7--3;3-45-62--
184,1,-9-5-2-34;2--1-47-9;----7-5--;9-----8-5;-2-3-8-6-;7-1-----3;--9-3----;3-52-6--8;81-7-5-9-
185,1,-6--9--8-;23-7-8--9;1-86-----;97--2--16;--2---7--;51--3--94;-----31-7;3--2-1-48;-8--5--2-
186,1,-5--6--8-;3-17-----;84-1-5--7;49--7--16;--3---5--;21--5--39;9--8-3-75;-----28-1;-8--9--2-
187,1,--25-91-6;----3--5-;9--7-6-32;2------85;--91-84--;37------1;15-9-4--8;-2--1----;8-73-52--
188,1,5-12-----;76-8-1--9;-2--9--1-;98--7--52;--7---8--;45--6--93;-1--4--7-;6--7-5-31;-----65-8
189,1,----9-6--;-1-2-859-;6--5-4-13;-9----34-;2--1-9--8;-51----6-;97-8-5--6;-647-3-8-;--5-4----
190,1,-942-15--;-1--8--4-;2-35-----;-79-5-82-;3-------1;-26-1-73-;-----62-4;-4--7--6-;--74-315-
191,1,5-81-92--;-9--4----;24-5-3--1;97------2;--67-81--;8------34;7--6-1-98;----8--2-;--29-43-7
192,1,7--5-8-39;-3-2-456-;----6-7--;-6----98-;2--3-6--4;-53----7-;--5-8----;-781-9-4-;61-4-5--7
193,1,3-92-----;-2--8--3-;-614-38--;-48-1-29-;1-------4;-97-6-58-;--61-935-;-3--7--1-;-----64-9
194,1,8---3---4;-----418-;--38-79-5;1-4-9-3-7;-7-----9-;3-2-5-6-1;2-81-95--;-175-----;9---6---8
195,1,----9---2;-4-5-1-96;--26-874-;-9-----87;--54-91--;46-----2-;-391-62--;82-3-7-1-;6---8----
196,1,18-3-----;--3-7-1--;-542-1-7-;-72-5-83-;5-------2;-98-4-76-;-4-5-861-;--1-9-5--;-----4-28
197,1,----9---4;--46-235-;-5-1-8-96;-9-----23;--15-98--;56-----4-;24-7-3-8-;-798-64--;6---2----
198,1,-----361-;--51-98-4;1---5---3;6-3-8-5-9;-9-----8-;5-2-4-7-6;8---7---1;2-16-84--;-694-----
199,1,9-13-5--4;-4--6----;-567-81--;-93---6--;7--6-1--8;--4---51-;--79-243-;----3--5-;4--5-72-6
200,1,--2-5----;-543-7-9-;69-8-4--2;-86----5-;3--5-9--7;-2----94-;2--4-3-15;-3-6-182-;----8-4--
201,1,-7--1--3-;3-67-----;-852-31--;-21-5-76-;5-------2;-69-8-41-;--85-634-;-----82-6;-3--9--5-
202,1,-----578-;-6-7-2-14;7---6---5;85--1--62;--2---1--;69--4--38;1---3---7;97-8-1-4-;-284-----
203,1,7--5-14-9;-----7-13;--9-2-5--;2-1-7-8-4;-5-----3-;8-3-5-1-6;--6-8-9--;19-6-----;5-73-9--8
204,1,-1-4-8-97;----6-1--;7--2-34-6;6-----9-8;-2-7-6-3-;4-7-----1;1-85-9--3;--4-8----;56-3-4-1-
205,1,-762-48--;3-28-9--6;-9--7----;-19---6--;5--1-3--8;--3---74-;----3--6-;6--9-71-4;--15-839-
206,1,-----142-;-6-4-5-83;4---6---1;21--8--65;--5---8--;67--3--92;8---9---4;74-2-8-3-;-523-----
207,1,9--7-46-3;--3-1-7--;-----9-42;1-4-9-8-6;-7-----2-;8-2-7-4-5;43-5-----;--5-8-3--;7-92-3--8
208,1,--9-6----;6-52-8--3;37-1-5-9-;1-7-----6;-2-6-3-8-;9-----3-5;-9-5-2-64;2--7-41-9;----1-5--
209,1,-1-5-369-;----6-7--;9--7-1-32;-9----47-;1--2-4--8;-65----2-;54-6-7--9;--9-2----;-271-8-4-
210,1,-182-3-5-;39-7-----;--7-5-3--;-52-1-97-;1-------2;-49-8-56-;--3-4-1--;-----8-29;-8-1-963-
211,1,2--3-4-85;--51-26-4;----8--1-;5------71;--26-79--;83------6;-5--6----;7-38-15--;61-2-9--7
212,1,-----87-4;-9--5--3-;--83-496-;-45-8-61-;3-------7;-71-3-24-;-837-91--;-2--1--9-;9-42-----
213,1,--47-568-;----6--9-;9--8-24-3;--6---23-;7--4-6--5;-48---9--;6-15-8--9;-8--2----;-291-35--
214,1,-481-----;93-7-8-5-;1---5---8;75--3--14;--3---7--;42--9--65;8---2---3;-9-3-4-86;-----947-
215,1,1--5-3-98;-----65-7;-5--1--6-;67--8--31;--3---8--;21--9--74;-8--4--5-;3-79-----;52-7-8--9
216,1,-8--2--9-;4-71-----;-594-81--;-65-1-24-;7-------8;-43-8-67-;--69-781-;-----34-9;-9--6--3-
217,1,--8-1-5--;5-43-8--6;73-6-----;4-2-6-3-1;-7-----8-;9-3-8-7-2;-----9-53;2--5-76-8;--5-2-9--
218,1,6-82-9--4;--9-7-6--;12-4-----;8-3-4-2-7;-1-----9-;5-2-9-1-3;-----5-62;--6-3-5--;3--6-14-9
219,1,-----762-;5---9---8;--78-25-3;2-9-7-3-1;-8-----6-;6-1-8-4-2;7-86-51--;4---1---5;-524-----
220,1,1-56-----;34-5-9--6;-9--8--3-;47--6--58;--1---9--;25--9--17;-3--7--2-;7--3-1-69;-----23-5
221,1,1-34-8--2;--6-2-8--;98-6-----;2-4-1-9-6;-1-----4-;5-9-3-2-7;-----3-94;--8-5-1--;3--1-97-8
222,1,----5-1--;-4-1-6-83;6--9-35-4;4-----2-1;-6-8-2-7-;5-9-----8;8-16-7--2;29-5-1-4-;--4-8----
223,1,-471-9-6-;51-6-3--4;--3-7----;-38----4-;2--8-5--6;-5----97-;----5-4--;4--3-7-89;-8-2-635-
224,1,--38-54-9;----9---7;-4-7-351-;--4---7-6;-3-1-6-2-;8-9---1--;-869-7-4-;4---1----;7-13-26--
225,1,9--4-82-1;--23-564-;----6--9-;--6---81-;3--2-6--5;-24---9--;-4--8----;-897-15--;6-75-4--9
226,1,--51-89-7;8--2-7-45;----4--1-;5------61;--89-63--;42------9;-5--9----;91-8-3--6;6-24-15--
227,1,----2--3-;6--3-49-8;--47-962-;--6---35-;4--8-5--1;-72---8--;-384-15--;7-52-3--6;-6--8----
228,1,7-84-----;-125-73--;-4--3--7-;-53-2-48-;2-------5;-89-1-63-;-7--9--2-;--12-876-;-----15-8
229,1,9-26-----;-6--5--9-;-837-95--;-75-3-62-;3-------7;-21-8-45-;--83-294-;-9--1--3-;-----87-2
230,1,----9--8-;--17-593-;8--3-41-6;--9---46-;7--1-9--5;-13---8--;9-25-3--8;-482-65--;-3--4----
231,1,-----1-45;--3-8-9--;-1-9-573-;-85-1-27-;9-------4;-24-9-56-;-914-3-2-;--6-2-3--;35-6-----
232,1,-327-86--;7-46-----;-8--9--2-;-53-6-97-;4-------8;-71-8-54-;-2--5--1-;-----17-2;--52-486-
233,1,--3-9-2--;-154-2-9-;27-3-----;-94-1-73-;1-------4;-67-5-98-;-----5-47;-5-1-782-;--2-6-1--
234,1,34-7-5--9;-5--2--3-;6-79-----;41--9--72;--6---5--;87--5--61;-----83-7;-3--1--8-;1--3-6-95
235,1,-----715-;2---3---6;-7-6-1-24;13--7--49;--6---5--;59--6--81;76-5-2-9-;8---9---2;-128-----
236,1,--6-3----;3-42-8--9;97-1-4-6-;1-7-----3;-2-3-9-8-;6-----9-4;-6-4-2-35;2--7-51-6;----1-4--
237,1,----8---5;-5-7-921-;--26-48-7;--8---9-1;-6-2-8-4-;2-7---5--;9-53-14--;-834-7-5-;7---9----
238,1,8-45-67--;-7--1----;16-2-9--8;54------1;--21-89--;7------86;2--4-3-57;----5--6-;--76-21-3
239,1,--9-6-7--;-----7-92;6--9-58-4;7-2-4-5-6;-5-----4-;1-6-8-2-3;9-12-4--8;52-8-----;--4-3-9--
240,1,-679-----;4---5---8;28-7-4-9-;32--9--57;--6---4--;71--4--36;-3-8-6-49;8---3---1;-----187-
241,1,-9-6-742-;--6-9-8--;-----8-16;-81-2-79-;7-------2;-59-4-13-;17-4-----;--2-3-6--;-651-2-4-
242,1,6-28-19--;1---3---2;-849-----;5-6-9-3-8;-4-----1-;8-7-1-5-4;-----782-;2---5---7;--52-41-9
243,1,-185-72--;3-24-1--9;-9--8----;-34---8--;5--8-2--7;--9---12-;----4--1-;9--1-56-8;--53-694-
244,1,3-67-----;-2--5--4-;-843-27--;-98-7-53-;6-------2;-31-2-96-;--94-627-;-4--9--1-;-----13-4
245,1,-----3-72;-3-1-264-;--4-8-1--;-82-3-56-;1-------7;-57-1-29-;--9-5-4--;-137-4-5-;42-9-----
246,1,--19-257-;----3---1;-7-6-8-39;-3-----25;--67-38--;79-----1-;21-4-5-8-;9---2----;-438-91--
247,1,--26-45-9;----3--6-;4--1-9-32;2------86;--45-87--;31------5;56-4-7--8;-2--5----;8-13-62--
248,1,-469-8-1-;8---2----;2-16-79--;3-8---1--;-5-3-4-9-;--4---2-7;--35-94-8;----4---1;-1-8-237-
249,1,-479-----;3---2---1;6-14-39--;8-6-9-2-4;-7-----3-;4-5-3-8-7;--81-73-9;1---8---5;-----541-
250,1,-374-21--;-9--3----;6-41-9--7;-59---7--;8--5-6--1;--6---32-;7--9-35-2;----6--7-;--58-169-
251,1,----2-9--;-3-9-5-64;5--1-42-3;3-----7-9;-5-6-7-8-;2-1-----6;6-95-8--7;71-2-9-3-;--3-6----
252,1,-----342-;--37-21-5;1---6---7;2-6-3-5-9;-7-----4-;4-9-7-8-2;8---9---1;3-74-19--;-128-----
253,1,1--7-6-38;-----57-2;-7--1--5-;52--8--61;--6---8--;41--3--29;-8--9--7-;6-23-----;74-2-8--3
254,1,-4-7-2-86;2--5-63-4;----3-7--;4-----1-7;-2-8-1-9-;3-5-----8;--4-8----;8-72-9--1;15-3-7-4-
255,1,8--2-59-3;----6--2-;--54-986-;--8---21-;5--3-1--7;-46---3--;-235-71--;-8--3----;4-16-2--8
256,1,-9--8--4-;8--9-7-26;-----49-5;45--6--78;--7---6--;18--2--53;7-52-----;91-5-6--2;-6--3--9-
257,1,-2-4-351-;----8---4;--36-52-8;--2---4-9;-3-1-9-7-;6-8---1--;4-13-79--;2---1----;-698-4-2-
258,1,54-8-7--2;--7-1----;-214-3-8-;-79----2-;6--9-5--8;-5----31-;-9-6-875-;----5-2--;2--7-1-93
259,1,--29-48-7;----5--2-;7--6-3-95;5------84;--67-53--;97------2;24-1-8--3;-9--4----;1-53-92--
260,1,8---2----;-453-8-7-;2-75-63--;1-8---7--;-9-1-4-3-;--4---2-6;--19-34-8;-7-8-216-;----4---7
261,1,9-65-8--2;--1-6----;57-2-1-9-;1-4-----9;-3-4-7-2-;7-----8-6;-9-1-6-84;----7-9--;4--3-21-7
262,1,-5-7-629-;-----5-46;--9-1-7--;-16-5-82-;7-------4;-84-7-63-;--3-8-9--;96-3-----;-754-9-8-
263,1,-4--5--7-;6-81-----;79-8-4--1;93--1--85;--6---4--;28--4--63;3--7-6-14;-----27-8;-7--3--2-
264,1,5--4-29-8;----7--5-;--93-174-;--7---28-;3--9-7--1;-94---5--;-256-81--;-4--2----;7-61-4--5
265,1,-----985-;8---2---9;-2-8-6-73;59--7--26;--6---7--;24--3--15;48-5-7-3-;7---1---8;-653-----
266,1,3-16-5--8;--5-2-3--;46-8-----;1-9-8-6-2;-4-----5-;7-6-5-4-9;-----7-36;--3-9-7--;9--3-48-5
267,1,--7-1-3--;-892-3-1-;34-7-----;-12-8-47-;8-------2;-64-9-15-;-----9-24;-9-8-453-;--3-6-8--
268,2,9-7-1--4-;-82--4--7;14-73----;---4-7--3;-7-----2-;2--5-9---;----43-98;7--6--13-;-9--7-6-2
269,2,-8-1--5-7;----47-93;3---8-16-;-6-2-3---;8-------6;---4-8-7-;-38-5---4;45-87----;9-6--4-8-
270,2,79-------;8-1--9-7-;-46-7---8;--76-3-5-;1-2---6-7;-6-7-82--;6---9-82-;-7-2--4-9;-------15
271,2,-54-2---7;26-------;7-8--6-2-;--24-9-1-;8-3---4-2;-4-2-73--;-2-3--5-6;-------81;4---6-73-
272,2,9-1-2--7-;-43--7--1;27-16----;---7-1--6;-1-----3-;3--5-9---;----76-94;1--8--26-;-9--1-8-3
273,2,8---5-16-;--68---43;----265-8;--26-8---;4-------6;---1-74--;1-328----;25---96--;-94-6---1
274,2,71-------;-82--7--1;9-3-1--8-;--13-5--6;-24---31-;3--1-84--;-3--7-8-4;1--4--97-;-------62
275,2,-74------;5-8-7--3-;23---47--;7--5-91--;62-----75;--57-3--6;--76---48;-5--4-6-3;------21-
276,2,-9147----;2-4--3-6-;38--6-1--;---1-5-8-;--8---6--;-4-6-7---;--7-2--16;-6-7--9-8;----4672-
277,2,5-218----;91--5-2--;-46--2--1;---2-1--8;--1---4--;4--3-9---;1--7--85-;--9-1--74;----289-6
278,2,84---32--;-23------;7-6-2--4-;2--7-91--;58-----27;--72-4--5;-7--3-5-4;------81-;--25---36
279,2,8---7-62-;----96-78;-6-8--3-5;-9-6-8---;3-------6;---2-1-3-;9-7--4-6-;25-98----;-34-6---2
280,2,49--2-7--;5-3--7-4-;-2748----;---7-4-8-;--4---5--;-5-1-9---;----7893-;-4-6--8-2;--9-4--56
281,2,31-27----;-89--1--2;4-2-3--1-;---1-2--7;-2-----9-;9--5-4---;-4--2-6-9;2--6--37-;----17-48
282,2,-6-5--2-3;5---4-61-;----96-45;-9-6-5---;2-------6;---1-8-2-;13-95----;-27-6---1;9-4--7-6-
283,2,-6--4-1-5;3--5--84-;-------27;6--3-15--;-75---63-;--36-9--2;43-------;-17--4--3;8-6-3--1-
284,2,-59-1---4;8-3--9-1-;47-82----;---4-6-5-;5-------1;-8-1-2---;----81-32;-1-2--5-7;2---3-14-
285,2,14---32--;-27-5---3;3-526----;---3-26--;2-------4;--49-7---;----361-7;7---2-48-;--28---56
286,2,76--4-5--;-23------;8-4--6-1-;6--7-1-5-;5-1---2-6;-3-9-5--1;-1-4--7-2;------14-;--7-1--85
287,2,-78--3--1;62-74----;5-3-1--2-;---2-9--5;-5-----1-;7--1-4---;-4--8-1-2;----71-48;1--4--56-
288,2,-84------;25--4-6--;7-6--8-4-;4--2-1-9-;3-7---4-2;-2-4-6--3;-4-3--8-5;--2-8--36;------97-
289,2,-4-2--3-5;--3-4--17;------42-;-8-6-7--4;7-4---5-9;9--3-4-7-;-58------;39--2-7--;1-2--9-4-
290,2,3-1------;-27--4--6;45--7-9--;-4-5-6--9;-96---34-;1--8-9-6-;--5-6--92;6--7--53-;------6-7
291,2,-16--8--9;3-894----;59--3-8--;---8-9--4;--9---1--;1--2-5---;--5-9--71;----845-6;9--7--43-
292,2,-6--8-4-9;--14---82;------35-;--61-9--4;43-----16;1--6-75--;-18------;39---81--;6-2-1--9-
293,2,-46-3---7;89-------;3-2--4-5-;--46-5-7-;5-7---4-9;-8-1-75--;-5-3--9-6;-------35;6---5-72-
294,2,61-83----;-87--5--2;4-5-2--1-;---1-9--4;-4-----2-;8--2-3---;-3--7-2-1;2--3--46-;----82-37
295,2,-6--8-5-4;--84---91;----7926-;--53-6---;-8-----5-;---7-89--;-7189----;52---78--;8-6-1--7-
296,2,--6-7--38;------2-1;9--8--74-;6--9-3-8-;-81---96-;-9-6-5--2;-13--7--9;7-9------;46--9-3--
297,2,-7-4--3-9;--8-7--14;----5382-;-1-6-8---;--7---1--;---5-7-3-;-9573----;78--9-5--;1-2--5-7-
298,2,83--9-7--;-9784----;5-6--7-8-;---7-8-4-;--8---5--;-5-1-3---;-8-2--4-9;----7436-;--3-8--52
299,2,-78-3---6;6-9--2-3-;32-------;--38-1-4-;9-5---8-3;-8-3-65--;-------94;-3-5--7-2;8---2-65-
300,2,----39-62;4--5--89-;-6--4-5-1;1--7-6---;-4-----1-;---3-4--9;6-4-8--3-;-21--3--4;83-49----
301,2,6-4--7-5-;57-------;-83-5---6;--53-2-9-;4-1---3-5;-3-5-61--;3---7-61-;-------49;-5-1--8-7
302,2,------54-;--45---29;-2--4-3-7;--68-7--4;74-----91;1--2-47--;2-1-5--7-;35---14--;-69------
303,2,-35--7--2;47--2-1--;6-159----;---1-8--4;--4---2--;5--2-9---;----529-3;--9-3--21;2--9--64-
304,2,1-724----;86---12--;-29-7---1;---1-24--;2-------6;--65-9---;9---2-63-;--23---74;----148-9
305,2,-------45;-7--9-2-1;8--1--39-;7--8-21--;-51---78-;--87-6--4;-25--9--8;3-7-8--2-;98-------
306,2,91--6-8--;3-825----;-72--1--6;---8-4--9;--9---6--;2--6-5---;6--5--39-;----265-7;--5-7--68
307,2,--29---87;----4836-;-6--2-5-9;--51-6---;-2-----5-;---4-28--;2-6-7--4-;-4728----;53---42--
308,2,6---9-71-;----319-6;--16---85;--31-6---;8-------1;---7-48--;39---21--;7-536----;-28-1---7
309,2,1-5-3--2-;-37------;42---73--;3--1-98--;64-----31;--13-2--6;--36---75;------48-;-1--7-6-2
310,2,------92-;--6-9--81;-9-2--6-7;-4-3-1--9;1-9---7-5;5--6-9-1-;8-2--5-9-;65--2-1--;-74------
311,2,----472-8;--78---35;8---2-67-;--47-8---;3-------7;---6-13--;-93-7---6;42---97--;6-548----
312,2,-2-5--7-6;-------52;6---2-13-;-4-9-12--;2-1---8-7;--86-2-1-;-86-5---1;47-------;5-3--8-2-
313,2,4-8-5--1-;75-------;-13--7--5;--58-6--2;-39---85-;8--5-19--;5--9--47-;-------23;-8--7-1-9
314,2,5--3--41-;-7--1-8-3;-------92;7--5-83--;-23---75-;--57-6--9;15-------;4-7-5--8-;-82--1--5
315,2,2-8------;54--8-1--;-91--2--8;-8-4-3--6;-79---84-;4--8-1-7-;8--7--25-;--4-2--17;------6-9
316,2,-8--7-5-2;7--6--48-;-------76;9--3-57--;-75---14-;--18-7--5;49-------;-62--1--7;1-8-6--5-
317,2,64--8-3--;-27--3--4;8-349----;---3-4--9;--4---2--;2--5-6---;----396-7;4--1--98-;--6-4--12
318,2,-6785----;34--2-7--;1-8--3-2-;---7-9-4-;--4---2--;-8-2-5---;-2-5--6-4;--5-1--72;----8251-
319,2,-8-9--5-2;-------98;2---8-73-;-6-4-78--;8-7---1-5;--12-8-7-;-12-9---7;65-------;9-3--1-8-
320,2,-69------;3-1--5-4-;25--1-8--;5--2-4-8-;8-4---6-5;-9-7-8--4;--2-4--38;-4-1--2-6;------41-
321,2,------58-;--43---17;-9--1-3-2;--94-2--3;35-----49;4--9-68--;9-7-4--2-;52---14--;-41------
322,2,-32-9---1;19-28----;7-6--1-2-;---1-2-8-;2-------6;-6-4-3---;-2-5--9-8;----18-73;3---2-56-
323,2,-65-9---2;9-1--6-3-;87-------;--65-3-2-;3-2---6-7;-8-4-23--;-------93;-3-9--7-5;5---3-21-
324,2,6-5--9-7-;-24-7---6;79-------;--74-3-8-;5-1---4-7;-4-7-61--;-------58;4---9-61-;-7-1--2-9
325,2,-1876----;73--1-8--;9-5--8-7-;---8-7-6-;--7---9--;-9-2-3---;-7-4--6-1;--3-7--94;----8635-
326,2,-9-1--8-3;3---9-27-;-------19;-6-4-29--;9-2---5-8;--53-9-2-;68-------;-53-1---2;1-7--5-9-
327,2,8---9-62-;----51-38;-9-6--7-1;-2-4-8---;9-------2;---5-9-1-;3-2--5-9-;57-91----;-89-7---5
328,2,2---1-43-;--17---52;------7-1;--89-3-1-;13-----65;-6-2-13--;8-5------;74---61--;-26-7---3
329,2,-98--5--6;3-2-6--9-;56-------;--62-4--1;-87---26-;2--6-97--;-------18;-2--5-9-7;6--7--35-
330,2,-45--9--2;92-------;3-8-2--4-;--28-6--1;-57---82-;8--2-47--;-8--9-4-7;-------15;2--7--39-
331,2,1--3--29-;--3-6--14;----813-6;8--1-3---;--9---1--;---4-5--9;2-483----;97--1-4--;-68--7--1
332,2,-85------;13---58--;4-7-8--3-;8--4-62--;91-----84;--48-3--9;-4--5-9-3;--89---57;------12-
333,2,----783-6;--86---42;6---3-18-;--78-6---;4-------8;---1-54--;-94-8---1;73---98--;1-276----
334,2,-12--7--3;4-739----;83--4-7--;---7-3--9;--3---1--;1--5-8---;--8-3--61;----798-2;3--6--94-
335,2,-9--3-5-8;-------12;7--8--43-;9--7-58--;-28---97-;--79-6--1;-52--3--7;37-------;4-9-7--5-
336,2,3-2------;-45--3--2;61--2-5--;-2-1-8--7;-94---21-;1--2-5-9-;--1-3--59;2--9--36-;------7-4
337,2,--32---81;----7856-;-6--3-4-2;--49-6---;-3-----4-;---7-38--;3-6-1--7-;-7138----;45---73--
338,2,4-3------;-27-4---1;18---34--;-4-2-65--;89-----24;--24-1-9-;--49---73;2---3-91-;------8-5
339,2,1---9-57-;----85-91;-5-1--6-3;-8-5-1---;6-------5;---7-4-6-;8-9--2-5-;73-81----;-62-5---7
340,2,63---71--;5-7-3--9-;-42------;7--5-19--;91-----27;--48-9--1;------31-;-5--1-6-9;--13---52
341,2,85-------;-93--7--1;7-4-9--6-;--74-1--6;-16---78-;5--2-61--;-4--1-6-3;1--9--84-;-------19
342,2,--92---65;-1--6-2-4;------87-;--19-4--2;28-----91;9--1-37--;-96------;1-5-9--4-;84---69--
343,2,-8--7-2-9;6--9--47-;-------51;8--6-29--;-19---86-;--68-3--5;76-------;-21--7--6;4-8-6--2-
344,2,9--2--43-;----89-25;-2--5-9-7;8--9-2---;-4-----9-;---7-1--4;4-6-9--7-;37-82----;-85--6--9
345,2,----817-4;--7-4--13;1--7--25-;8--1-7---;--5---1--;---3-9--5;-48--6--1;56--1-3--;2-387----
346,2,6-7------;21--8-5--;-48--2--3;-2-1-3--5;-53---62-;7--9-5-3-;3--8--16-;--1-3--54;------3-8
347,2,4-731----;-53--6--8;96--8-7--;---7-2--9;--9---8--;3--8-1---;--1-5--87;8--1--49-;----381-5
348,2,-81--3--6;3-6------;79--6-1--;-6-9-4--2;-58---69-;9--6-1-5-;--9-3--15;------2-8;6--5--37-
349,2,-5739----;32--5-7--;4-8--7-3-;---7-3-9-;--3---4--;-4-6-2---;-3-1--9-5;--2-3--41;----7928-
350,2,-5463----;71--9-4--;2-6--7-9-;---4-8-1-;--1---9--;-6-9-3---;-9-3--5-1;--3-2--49;----6932-
351,2,--38---19;------83-;-1--3-2-7;--56-7--3;73-----94;4--1-37--;1-4-8--7-;-59------;28---43--
352,2,-8--7-5-6;--35---71;------24-;--83-6--5;52-----38;3--8-94--;-37------;26---73--;8-1-3--6-
353,2,6-972----;-34--9--7;87--6-9--;---9-7--2;--7---3--;3--1-8---;--8-7--53;7--5--26-;----928-4
354,2,7-4------;-56--7--4;38--4-6--;-4-8-1--9;-25---48-;8--4-6-2-;--8-7--62;4--2--73-;------9-5
355,2,--98---74;----291-8;8---1-39-;--29-8---;7-------9;---3-67--;-57-9---3;3-428----;21---59--
356,2,-4--7-5-1;--25---76;------98-;--42-1--5;59-----24;2--4-38--;-27------;91---72--;4-6-2--1-
357,2,--7-6--81;----987-6;8--7--53-;9--8-7---;--3---8--;---1-4--3;-69--2--8;5-197----;32--8-1--
358,2,------4-6;2---6-78-;--64---92;--15-8-6-;68-----39;-3-2-68--;47---36--;-23-4---8;1-9------
359,2,-34--6--7;8-941----;26--7-9--;---9-5--2;--2---7--;4--7-1---;--1-3--79;----471-3;7--1--82-
360,2,-95-1---2;2-4--7-1-;17-------;--15-8-6-;4-3---5-1;-5-1-23--;-------46;-1-3--9-7;5---7-23-
361,2,-57--6--1;61-------;3-9-1--5-;--19-4--8;-72---91-;9--1-52--;-9--6-5-2;-------87;1--2--36-
362,2,------16-;--9-1--35;-1-6--9-8;-4-2-5--1;5-1---8-7;7--9-1-5-;3-6--7-1-;97--6-5--;-84------
363,2,1-3--4-9-;-47-1---2;85-------;--47-9-2-;9-2---4-5;-8-6-29--;-------19;7---9-23-;-9-1--5-7
364,2,-6--1-3-4;1--3--98-;----78-65;4--2-6---;-1-----4-;---7-1--8;97-18----;-54--7--1;6-1-9--7-
365,2,7-956----;84---75--;-53-9---7;---7-56--;5-------4;--41-3---;3---5-42-;--52---96;----768-3
366,2,49---13--;-31------;5-6-3--9-;3--5-87--;24-----35;--53-9--2;-5--1-2-9;------47-;--32---16
367,2,-9--5-8-2;----6259-;--29---13;--62-9---;-3-----2-;---8-73--;56---42--;-8169----;4-3-2--8-
368,2,-7-9--2-8;------34-;--6-2--95;-6-7-5--9;9-4---7-6;7--6-1-3-;68--7-5--;-27------;4-5--2-7-
369,2,96---83--;3-8------;-45-3---9;-3-4-72--;61-----43;--43-9-1-;4---8-19-;------6-2;--31---58
370,2,------14-;-1-4--9-5;--9-1--68;-7-3-8--1;8-1---5-2;2--9-1-8-;92--4-8--;6-4--2-1-;-57------
371,2,-9873----;42---97--;7-1-8--9-;---9-73--;-7-----4-;--45-1---;-1--7-4-6;--76---38;----9321-
372,2,3-4------;-71--9--5;92--1-8--;-9-2-5--8;-85---39-;4--6-8-5-;--2-5--87;5--1--23-;------5-1
373,2,-49--3--7;3-7------;21--7-9--;-7-1-8--6;-54---71-;1--7-9-5-;--1-3--95;------6-4;7--5--32-
374,2,--7-2--31;----9172-;-1-7--5-6;-9-1-7---;--6---1--;---3-8-6-;2-9--4-1-;-5397----;46--1-3--
375,2,8-1--9-7-;73--5-9--;-5974----;---9-7-4-;--7---8--;-8-2-3---;----9431-;--3-7--86;-7-6--4-5
376,2,-5746----;1-4--2-8-;29--8-7--;---7-3-9-;--9---8--;-4-8-6---;--6-1--78;-8-6--5-9;----4861-
377,2,------5-6;8---7-31-;--23---47;--82-1-3-;53-----82;-2-8-96--;15---72--;-84-2---1;2-7------
378,2,-8315----;6-4-9--8-;71---69--;---8-24--;-4-----9-;--19-5---;--95---34;-5--7-8-9;----1975-
379,2,7--5--36-;-4--7-5-1;----96-42;1--8-4---;-7-----1-;---9-7--6;39-76----;4-7-3--9-;-21--9--7
380,2,------75-;-2-4--9-6;--3-9--41;-3-2-1--4;4-5---2-3;2--3-8-7-;36--2-1--;5-1--9-2-;-92------
381,2,-------26;1---6-79-;-6-2--5-1;-8-4-76--;6-7---3-5;--31-6-7-;2-9--3-6-;-31-2---7;85-------
382,2,3-1--2-7-;-56------;82--1-4--;2--8-7-4-;4-7---5-2;-6-9-4--7;--8-7--34;------71-;-7-1--8-5
383,2,62-------;4-5-2--1-;-18--6--2;--25-9--7;-83---52-;5--2-13--;2--3--46-;-5--6-1-3;-------78
384,2,----21-69;-6--9-1-8;1--6--75-;2--1-6---;-7-----1-;---8-4--7;-29--3--1;7-3-1--8-;58-26----
385,2,4--1--93-;-8--3-6-1;-------57;8--4-61--;-71---84-;--48-2--5;34-------;9-8-4--6-;-67--3--4
386,2,--9-2--48;------23-;-2-3--9-5;-1-7-8--2;8-2---5-6;6--9-2-8-;4-3--6-2-;-51------;96--3-8--
387,2,-96-1---3;78-------;1-5--9-4-;--96-4-3-;4-3---9-8;-7-2-34--;-4-1--8-6;-------14;6---4-35-
388,2,14---69--;3-517----;-68-9---3;---3-28--;8-------9;--19-7---;7---4-39-;----194-7;--97---85
389,2,--98---63;------21-;-5--6-8-7;--59-7--8;82-----95;9--5-41--;5-3-9--7-;-96------;27---69--
390,2,-7-9--4-6;----56-83;3---7-92-;-2-1-3---;7-------2;---5-7-6-;-37-4---5;54-76----;8-2--5-7-
391,2,4--1--86-;-6--4-3-7;-------41;9--2-34--;-43---58-;--56-4--3;89-------;5-6-1--3-;-17--5--4
392,2,------28-;--6-5--47;-1-4--5-3;-6-1-7--4;4-8---1-6;1--6-9-2-;8-7--5-1-;63--1-7--;-51------
393,2,-8--5-1-6;------75-;--57---84;--39-6--5;65-----42;2--8-56--;17---25--;-34------;8-2-7--6-
394,2,------3-5;1---5-92-;--53---61;--74-2-5-;52-----86;-8-1-52--;39---85--;-18-3---2;7-6------
395,2,-56--2--1;4-7-1--5-;21-------;--17-8--3;-69---71-;7--1-59--;-------36;-7--2-5-9;1--9--42-
396,2,-83-7---5;26---58--;5-789----;---5-89--;8-------6;--61-3---;----592-3;--84---79;3---8-64-
397,2,-21-5---9;97-34----;3-6--1-5-;---9-8-2-;2-------5;-3-5-4---;-5-4--2-7;----35-64;4---6-59-
398,2,-1-9--6-3;5---3-89-;-------72;-5-1-89--;7-9---5-1;--15-4-2-;13-------;-65-1---8;8-7--3-1-
399,2,-45-3---2;61---43--;2-769----;---2-85--;5-------3;--63-9---;----631-9;--39---57;9---1-23-
400,2,7-3-6--8-;-64--7--1;25-------;--73-1--8;-18---72-;5--9-81--;-------16;1--6--23-;-3--1-8-4
401,2,--5-2--34;------21-;-2-1--5-7;-8-6-4--2;4-2---7-9;9--5-2-4-;3-1--9-2-;-78------;59--1-4--
402,2,3-8--2-7-;62--8-4--;-19------;2--6-7-4-;4-7---1-2;-9-5-4--7;------78-;--6-7--34;-7-8--6-1
403,2,-91------;7-5-9--3-;63---19--;9--7-24--;86-----97;--79-3--8;--98---15;-7--1-8-3;------64-
404,2,-59------;3-8--5-9-;24--9-8--;9--2-6-7-;1-3---9-2;-2-9-8--1;--2-5--18;-9-1--5-4;------73-
405,2,-47-3---1;13-79----;8-5--1-7-;---1-7-9-;7-------5;-5-2-4---;-7-6--3-9;----19-84;4---7-65-
406,2,----4316-;--1-6--73;-3-1--5-9;-4-3-1---;--9---3--;---7-8-9-;6-4--2-3-;29--3-7--;-5741----
407,2,-9-6--5-4;----29-16;6---1-93-;-2-9-6---;5-------9;---3-7-5-;-58-9---3;34-26----;2-1--8-9-
408,2,92-17----;-15--3--8;4-3-8--2-;---2-6--4;-4-----8-;1--8-7---;-7--5-8-2;8--7--49-;----18-75
409,2,39-75----;-21-4---3;7-6--1-4-;---3-8-2-;2-------4;-7-4-5---;-4-5--2-9;5---6-43-;----74-65
410,2,--7-5--48;----127-9;5--4--26-;8--3-7---;--5---8--;---1-5--2;-89--1--5;6-152----;75--6-1--
411,2,13--4-2--;-79--3--4;6-295----;---2-8--1;--1---4--;9--4-5---;----945-7;4--5--61-;--5-7--42
412,2,------51-;--15---37;-3--1-9-6;--42-6--1;61-----78;8--3-16--;3-8-5--6-;95---81--;-47------
413,2,--6-9--12;------94-;-9-4--6-7;-5-8-2--9;2-9---7-3;3--6-9-2-;1-4--3-9-;-75------;63--4-2--
414,2,----6517-;-5-1--9-8;--1-7--25;-6-5-1---;--8---5--;---2-3-8-;48--5-2--;7-6--4-5-;-9261----
415,2,-14--8--9;3-9-6--8-;68-95----;---8-9--5;-9-----4-;4--7-3---;----85-31;-3--9-2-4;9--2--65-
416,2,-87-9---4;49-72----;5-3--4-7-;---4-7-2-;7-------3;-3-6-8---;-7-1--9-2;----42-58;8---7-13-
417,2,-9473----;28---97--;7-1-4--9-;---9-73--;-7-----2-;--26-1---;-1--7-2-5;--75---34;----9381-
418,2,3-8-4--6-;-45--3--1;27-------;--38-1--6;-16---32-;7--9-61--;-------14;1--4--28-;-8--1-6-5
419,2,54---72--;1-653----;-79-2---1;---1-89--;9-------2;--52-3---;3---4-12-;----524-3;--23---96
420,2,----63-95;3--9--18-;-9--5-3-7;6--3-9---;-1-----3-;---7-4--1;1-2-3--7-;-65--2--3;87-69----
421,2,--8-6--15;------69-;-6-9--8-2;-3-4-5--6;5-6---2-7;7--8-6-5-;1-9--7-6-;-23------;87--9-5--
422,2,--47---93;------7-4;3---4-81-;--52-1-4-;41-----69;-6-3-41--;-36-7---1;5-9------;78---64--
423,2,------82-;-8-2--1-7;--1-8--36;-4-9-6--8;6-8---7-5;5--1-8-6-;15--2-6--;3-2--5-8-;-74------
424,2,6-1------;-73--6--1;85--1-3--;-1-5-9--2;-47---15-;5--1-3-4-;--5-6--34;1--4--68-;------2-7
425,2,9-5-4--1-;87---19--;-1493----;---1-93--;-9-----8-;--86-5---;----1375-;--92---34;-5--9-8-2
426,2,-75--6--1;42--1-5--;6-1------;-1-2-9--8;-37---12-;2--1-5-3-;------8-7;--2-6--53;1--3--64-
427,2,6-5-2--3-;-78--5--2;13-74----;---3-9--6;-6-----2-;7--2-4---;----72-48;2--4--61-;-4--8-2-3
428,2,-4928----;76--3-9--;1-2--7-3-;---9-5-6-;--6---3--;-2-3-8---;-3-8--4-6;--8-1--93;----2381-
429,2,----84-31;-9-7--5-4;1---9-72-;-2-6-1---;9-------2;---8-9-4-;-19-5---8;3-2--8-9-;85-94----
430,2,21-54----;-36-7---2;5-9--6-7-;---2-8-3-;3-------7;-5-7-4---;-7-4--3-1;4---9-72-;----57-94
431,2,----531-4;--34---98;4---1-23-;--53-4---;9-------3;---2-79--;-69-3---2;51---63--;2-854----
432,2,----9673-;--7-3--26;-6-7--8-4;-9-6-7---;--4---6--;---2-5-4-;3-9--1-6-;14--6-2--;-8297----
433,2,8-7------;93---78--;-62-8---9;-8-6-54--;31-----68;--68-9-1-;6---7-19-;--81---27;------3-4
434,2,-------35;-7-8--2-6;1---6-98-;-1-7-98--;3-8---1-7;--71-4-5-;-21-7---9;9-3--6-7-;76-------
435,2,--9-8--34;----5296-;-8-4--2-7;-3-1-9---;--8---3--;---5-8-2-;3-6--5-8-;-7582----;89--7-5--
436,2,5---1-79-;--13---65;------3-1;--28-9-1-;19-----46;-4-5-19--;2-6------;37---41--;-54-3---9
437,2,--1-7--29;----821-7;2--1--35-;8--2-1---;--5---2--;---9-4--5;-78--6--2;3-981----;56--2-9--
438,2,3--7--26-;--9-2--57;------1-8;9--3-5-7-;-78---39-;-3-9-4--1;2-3------;69--3-5--;-85--2--3
439,2,--54---96;6---5-32-;------4-5;--87-2-5-;52-----19;-1-6-52--;8-9------;-61-4---2;43---15--
440,2,8-4-7--5-;-73------;95---37--;7--8-26--;19-----78;--87-5--1;--71---34;------96-;-8--3-1-5
441,2,1---2-97-;--71---45;----372-1;--37-1---;4-------7;---9-84--;9-531----;32---67--;-64-7---9
442,2,-64------;13---78--;5-7-3--9-;7--5-89--;98-----47;--62-9--8;-5--8-1-9;--83---54;------38-
443,2,15--3-4--;7-2--4-1-;-3419----;---4-1-9-;--1---7--;-7-6-5---;----4952-;-1-8--9-3;--5-1--78
444,2,-53-6---4;4-8--7-6-;67-------;--63-9-2-;8-1---3-6;-3-6-41--;-------82;-6-1--5-7;3---7-41-
445,2,4-8--5-6-;25--8-9--;-17------;5--2-6-9-;9-6---1-5;-7-3-9--6;------68-;--2-6--49;-6-8--2-1
446,3,3---17-5-;--1---8-4;---56---1;9-2------;---6-3---;------1-2;1---82---;7-8---2--;-5-74---6
447,3,-89---6--;-5--96---;2--84--1-;------56-;---1-7---;-36------;-7--58--2;---21--5-;--5---94-
448,3,-1-9---4-;2--8--17-;--------3;--3-5---7;1-5---4-6;7---2-9--;3--------;-61--9--5;-4---1-9-
449,3,--------9;-8-6---5-;3--7--82-;--9-1---2;8-1---5-4;2---3-6--;-48--6--1;-5---8-6-;9--------
450,3,6---21-5-;--2---4-7;---58---2;9-3------;---8-6---;------2-3;2---43---;1-4---3--;-5-17---8
451,3,7--65-2--;-38----5-;--5-97---;------14-;---2-9---;-54------;---43-5--;-4----63-;--9-86--7
452,3,2--7----9;-4-8--2-1;-------5-;--5-6--1-;-26---93-;-1--4-7--;-5-------;3-2--7-6-;9----2--7
453,3,--24--8--;-------9-;-6-3--7-2;9---1--7-;12-----58;-7--6---4;2-5--4-1-;-9-------;--8--24--
454,3,---89--2-;8------69;-3--765--;28-------;---4-3---;-------18;--562--4-;97------2;-2--35---
455,3,---37---5;8---513--;-5-----62;94-------;---7-8---;-------54;16-----4-;--312---7;5---64---
456,3,-5-4--2-8;--83--6--;-------9-;9---1--2-;18-----76;-2--5---3;-9-------;--6--83--;8-7--3-1-
457,3,1--67--9-;-7--41---;-85---7--;------32-;---9-4---;-37------;--3---56-;---35--7-;-4--86--1
458,3,-8--241--;2------73;---16--2-;59-------;---6-8---;-------52;-2--35---;34------5;--147--6-
459,3,---56---3;--3---8-1;7---32-5-;4-9------;---6-7---;------3-9;-5-21---6;2-8---9--;3---89---
460,3,-53---4--;8--64--9-;-4--78---;------21-;---9-7---;-24------;---23--4-;-7--56--8;--2---36-
461,3,-9-------;6-7--4-2-;8----7--4;-3--5-4--;-72---86-;--9-2--3-;7--4----8;-5-1--7-3;-------9-
462,3,-9--21--6;--5---71-;---57--3-;-53------;---8-9---;------54-;-3--96---;-27---3--;6--13--8-
463,3,-5----31-;--6-52--9;---98-5--;-47------;---8-6---;------45-;--5-14---;9--23-8--;-12----4-
464,3,------9--;-4-2---8-;--34---52;4---6-1--;8-5---2-3;--1-3---9;21---76--;-8---4-2-;--9------
465,3,--5---6-1;---56---8;3---41-9-;5-8------;---7-3---;------5-2;-9-18---7;8---39---;4-6---8--
466,3,-7-8---5-;------1--;--36---47;1---9-4--;9-7---2-5;--4-3---8;72---89--;--1------;-5---7-8-
467,3,54---39--;--6------;-1---2-5-;--4-8---6;1-7---5-8;2---9-4--;-2-5---1-;------6--;--82---75
468,3,7--3----2;--17---39;------8--;-7--4-6--;-29---31-;--6-1--8-;--8------;63---54--;2----7--3
469,3,-3-----68;---27---3;4---392--;51-------;---7-4---;-------31;--298---7;3---61---;96-----1-
470,3,-7-------;3-6--8-5-;--2--38--;-1--4---8;53-----62;7---5--1-;--38--2--;-4-9--1-3;-------7-
471,3,--------1;-3-9---2-;8--3--97-;--3-4---5;7-2---8-9;5---8-1--;-59--6--4;-2---3-9-;1--------
472,3,---46---7;--4---6-2;5---32-9-;4-7------;---8-5---;------4-1;-9-27---8;3-6---7--;7---59---
473,3,-3-87-4--;2-8-----5;--1-25---;------5-1;---4-9---;5-6------;---34-1--;1-----7-2;--9-18-3-
474,3,--5------;4----1--7;61---72--;--9-8--7-;-21---64-;-5--2-9--;--83---19;1--7----4;------5--
475,3,27------1;--675--4-;-9--21---;-------19;---4-3---;18-------;---64--9-;-3--976--;9------52
476,3,-4--981--;---12--9-;9------76;53-------;---2-4---;-------59;68------5;-9--65---;--187--2-
477,3,--------1;5--6--93-;-9-2---7-;--1-4---3;9-4---7-8;3---5-2--;-7---9-2-;-89--2--4;1--------
478,3,8---21---;4-2---1--;-7-43---5;------8-1;---5-9---;6-1------;9---84-7-;--8---2-3;---75---8
479,3,1--6--45-;-4-7---8-;--------2;--2-9---5;4-9---8-3;5---1-7--;2--------;-8---4-7-;-34--7--9
480,3,--3--59--;9-4--2-1-;-8-------;-4--6---8;37-----96;5---1--4-;-------8-;-6-5--7-9;--59--3--
481,3,-4-----62;7---928--;---46---3;43-------;---5-7---;-------41;3---78---;--823---5;96-----3-
482,3,---53-7--;-7----18-;--4-72--5;-69------;---3-4---;------67-;5--21-3--;-82----6-;--7-86---
483,3,3----5--9;-6-------;7-5--9-4-;-8--1-9--;-54---37-;--6-4--8-;-1-2--5-8;-------6-;5--9----3
484,3,1---564--;---93---7;-9-----36;97-------;---2-1---;-------98;53-----7-;7---14---;--467---2
485,3,3-2-----5;--7-35---;-1-24-9--;------5-7;---9-8---;5-6------;--8-72-1-;---19-7--;7-----4-3
486,3,4--19-3--;--9-24---;-56----9-;------78-;---3-2---;-98------;-8----15-;---85-9--;--2-61--4
487,3,-------9-;--47--5--;-6-2--3-4;9---8--3-;84-----15;-3--6---7;4-1--7-8-;--5--47--;-9-------
488,3,-8---2-7-;--3------;79---65--;--9-4---3;8-1---7-4;2---5-9--;--42---17;------3--;-2-7---8-
489,3,--2-91---;-58----2-;1--72-4--;------63-;---4-9---;-23------;--9-87--1;-3----75-;---35-2--
490,3,-27--6--8;-3---5-7-;9--------;2---4-9--;1-3---4-7;--5-8---2;--------9;-5-7---3-;4--5--71-
491,3,-------6-;3--7----4;-9-1--3-5;--6-2--5-;-32---48-;-5--9-7--;8-3--7-2-;4----3--7;-6-------
492,3,7-2--1-9-;-6-------;4----2--1;-5--3-1--;-29---47-;--6-9--5-;2--1----4;-------6-;-3-8--2-5
493,3,9--2----5;------3--;--71---98;-3--6-8--;-69---45-;--8-7--2-;49---26--;--3------;5----9--2
494,3,-3-------;7-4--8-1-;2----6--4;-7--9-3--;-52---94-;--6-1--7-;6--4----2;-9-6--4-5;-------3-
495,3,9---845--;-8-----73;---51---8;62-------;---1-9---;-------82;8---72---;47-----2-;--543---1
496,3,---46--1-;-3--529--;4------26;14-------;---8-3---;-------74;65------1;--921--8-;-1--39---
497,3,-85--2--1;-3---9-5-;4--------;8---6-4--;7-3---6-5;--9-1---8;--------4;-9-5---3-;6--9--57-
498,3,-1-6---3-;--91---86;------7--;1---5-4--;3-8---6-9;--4-9---7;--7------;64---25--;-3---1-6-
499,3,--7--51--;5-9--1-8-;-6-------;-4--3---1;85-----97;6---8--4-;-------6-;-3-2--4-5;--51--7--
500,3,-8--92--4;---45--9-;--9---71-;-36------;---5-8---;------96-;-27---6--;-9--76---;4--21--5-
501,3,--------4;8--9--72-;-9-7---1-;--9-6---3;2-1---8-7;3---8-4--;-1---9-7-;-37--5--6;4--------
502,3,1--6--57-;--------3;-5-9---2-;--3-8---7;5-8---2-4;7---1-9--;-2---5-9-;3--------;-45--9--8
503,3,---24--1-;-6--172--;1------85;93-------;---4-6---;-------91;57------9;--278--4-;-1--59---
504,3,-98--3--5;4--------;-7---1-8-;9---6-4--;2-7---6-8;--1-5---9;-1-8---7-;--------4;6--1--82-
505,3,4--95--6-;-7--32---;-93---2--;------72-;---6-1---;-82------;--7---35-;---46--7-;-1--79--4
506,3,9--------;-51--2--6;--4--75--;1---8--9-;34-----85;-7--6---1;--75--4--;8--7--35-;--------9
507,3,-7-9--8-6;-------4-;8--5----3;--4-1--6-;-81---32-;-6--7-5--;3----8--5;-4-------;2-8--5-1-
508,3,-7-4--5-2;5--9----3;-------6-;--6-1--2-;-51---38-;-2--7-9--;-6-------;3----5--9;8-5--9-1-
509,3,32-----6-;--516---8;6---75---;-------94;---8-7---;96-------;---92---6;7---315--;-9-----21
510,3,--15--7--;-9-3--8-1;-------6-;6---2--8-;21-----47;-8--9---5;-6-------;1-4--5-2-;--7--15--
511,3,--3-95---;-26----3-;5--83-7--;------14-;---7-9---;-34------;--9-68--5;-4----82-;---42-3--
512,3,-4-----27;---56---4;9---435--;81-------;---6-9---;-------41;--537---6;4---21---;32-----1-
513,3,-6-------;4----2--3;9-2--3-1-;-7--8-3--;-21---49-;--6-1--7-;-8-5--2-7;2--3----4;-------6-
514,3,4--3----6;--95---42;------8--;-8--7-2--;-74---16-;--2-9--3-;--8------;14---37--;6----4--3
515,3,5-3-----4;--1-54---;-9-37-2--;------4-1;---2-8---;4-6------;--8-13-9-;---92-1--;1-----7-5
516,3,--83--7--;--------6;9--1--48-;-6--5---4;85-----72;4---9--3-;-82--3--5;6--------;--7--83--
517,3,4--59--8-;-9--24---;-13---9--;------67-;---8-2---;-69------;--6---35-;---63--9-;-2--15--4
518,3,-4-3--9-2;-------8-;--32--6--;3---7--1-;69-----24;-1--4---8;--6--32--;-8-------;2-1--5-7-
519,3,9--8----3;-5-9--8-6;-------2-;--9-7--1-;-63---58-;-1--5-2--;-2-------;1-8--4-7-;3----9--8
520,3,8-1--6-7-;-3-------;--5--86--;-9--2---6;78-----15;3---7--9-;--86--5--;-------3-;-2-4--9-8
521,3,-3-------;8-1--7-5-;4----1--7;-6--9-7--;-15---48-;--3-5--6-;1--7----4;-9-2--1-6;-------3-
522,3,2-3---5--;5---61---;-1-95---8;------4-7;---8-6---;4-5------;6---29-1-;---43---5;--4---3-9
523,3,4---69---;--914---8;72-----4-;-------53;---8-6---;54-------;-5-----21;6---719--;---52---4
524,3,8--6----4;------9--;--78---65;-8--2-3--;-45---67-;--3-7--9-;36---12--;--9------;4----8--6
525,3,---94---5;-9-----48;6---182--;95-------;---3-6---;-------97;--285---3;14-----5-;5---62---
526,3,--51---86;8--3----7;------4--;-4--2-6--;-28---97-;--6-5--3-;--4------;7----8--3;98---32--
527,3,---61--5-;-9--536--;5------78;42-------;---1-9---;-------45;83------4;--637--1-;-5--84---
528,3,---15--2-;-7--398--;1------95;21-------;---6-7---;-------41;53------2;--892--6-;-2--78---
529,3,9-3--1-4-;--2--89--;-6-------;-3--5---6;27-----95;8---4--3-;-------6-;--89--2--;-5-8--7-9
530,3,-9-------;2-8--7-4-;--1--27--;-3--5---7;42-----81;9---4--3-;--27--1--;-5-6--3-2;-------9-
531,3,---15---6;-6-----49;2---671--;83-------;---5-2---;-------63;--179---5;74-----3-;6---43---
532,3,5--7----3;--26---54;------1--;-1--9-4--;-95---83-;--4-2--7-;--1------;85---79--;3----5--7
533,3,-48----1-;--1-56---;6--91-2--;------37-;---2-5---;-17------;--5-89--6;---74-1--;-7----94-
534,3,-3-------;9-4--7-8-;--6--97--;-2--5---7;89-----46;3---8--2-;--97--6--;-5-1--2-9;-------3-
535,3,--486---9;6---24---;75-----6-;-------31;---9-2---;36-------;-3-----58;---35---6;2---784--
536,3,--7--49--;5--------;-96--2--3;6---1--5-;87-----19;-4--3---6;1--4--89-;--------5;--49--7--
537,3,-2-----87;---28---3;6---175--;23-------;---4-6---;-------29;--573---4;3---65---;18-----3-
538,3,--------8;3--2--41-;-4-7---9-;--8-6---1;4-6---9-5;1---3-7--;-9---4-7-;-54--7--6;8--------
539,3,-2-5--7-1;7--6----3;-------4-;--4-8--1-;-78---39-;-1--2-6--;-4-------;3----7--6;9-7--6-8-
540,3,-3---6-8-;--2------;81---97--;--1-4---2;3-5---8-4;6---7-1--;--46---58;------2--;-6-8---3-
541,3,8--1--52-;--------6;-1-5---3-;--1-4---9;2-3---8-5;9---8-6--;-3---1-5-;6--------;-95--7--4
542,3,-2-17---3;1-5---4--;9---54---;------9-4;---3-8---;6-4------;---23---9;--9---5-7;8---91-2-
543,3,---12-9--;-9----78-;--6-95--1;-43------;---2-6---;------49-;1--57-2--;-85----4-;--9-84---
544,3,-2-9--3-4;--41--6--;-------8-;8---7--3-;74-----56;-3--2---1;-8-------;--6--41--;4-5--1-7-
545,3,-7-25-6--;--5-47---;1-9-----5;------8-3;---6-4---;5-3------;3-----2-1;---31-5--;--4-92-7-
546,3,46---23--;-8---4-2-;--1------;--7-9---2;3-4---6-8;1---3-7--;------1--;-4-2---8-;--95---74
547,3,1--9--36-;--68--5--;--------7;-7--2---3;62-----54;3---1--8-;7--------;--5--68--;-64--8--2
548,3,-6---4-5-;51---92--;--3------;--1-7---3;6-8---5-7;4---2-1--;------3--;--74---85;-4-5---6-
549,3,---56-8--;8-----9-2;--3-87-5-;4-1------;---6-3---;------4-8;-5-79-6--;2-7-----4;--8-24---
550,3,1--3----7;--41---38;------6--;-1--9-5--;-78---34-;--5-4--6-;--6------;53---29--;7----1--3
551,3,--59---47;4--3----2;------8--;-8--6-7--;-64---12-;--7-5--3-;--8------;2----4--3;14---36--
552,3,--812--9-;-2--48---;57------2;-------36;---9-4---;26-------;6------15;---65--2-;-4--718--
553,3,5------91;-4--572--;---26--5-;83-------;---6-4---;-------85;-5--18---;--279--6-;17------8
554,3,---95--1-;9------85;-2--683--;19-------;---4-2---;-------79;--381--4-;56------1;-1--23---
555,3,--4--57--;9--------;-58--7--6;2---3--7-;56-----48;-9--6---2;3--1--25-;--------9;--57--4--
556,3,---43-7--;--6-59-2-;4-----9-3;7-4------;---1-6---;------8-4;3-5-----7;-2-97-1--;--7-62---
557,3,7-2---1--;-8-79---5;3---21---;------3-1;---5-6---;4-1------;---85---3;6---37-8-;--3---2-9
558,3,-6---5-9-;53---97--;--8------;--2-4---9;7-5---3-6;8---7-2--;------8--;--41---25;-5-9---6-
559,3,-9---2-5-;4--------;-65--1--3;6---8-4--;7-9---8-5;--2-3---6;8--2--57-;--------4;-2-5---9-
560,3,--61---45;-1-5---3-;------9--;1---2-7--;3-4---5-6;--7-6---9;--9------;-3---1-5-;57---82--
561,3,8--6----4;-------9-;-3-1--8-2;--9-7--2-;-87---45-;-2--3-6--;5-8--6-7-;-9-------;4----8--6
562,3,9---34---;-4-19---2;6-5---9--;------7-8;---2-3---;7-9------;--7---5-1;3---61-4-;---75---9
563,3,8-7--3-5-;-2-------;9----7--3;-4--1-3--;-75---98-;--2-5--4-;7--3----9;-------2-;-1-6--7-4
564,3,--7------;-4---3-5-;52---96--;--2-1---7;4-8---5-1;3---6-2--;--13---85;-3-5---4-;------7--
565,3,--------2;-1-8---5-;7--1--83-;--1-9---4;3-5---7-8;4---7-2--;-48--6--9;-5---1-8-;2--------
566,3,-8----95-;---85-4--;--6-79--2;-48------;---1-6---;------38-;2--94-1--;--4-62---;-57----4-
567,3,2-5--6-1-;--3--26--;-4-------;-9--8---6;12-----53;4---1--9-;-------4-;--26--3--;-8-7--9-2
568,3,-78---2--;-4--82---;1--75--9-;------42-;---9-6---;-32------;-6--47--1;---19--4-;--4---85-
569,3,4-8--6-5-;-2-------;7----1--8;-4--9-2--;-37---98-;--1-5--4-;1--8----7;-------2-;-9-1--8-3
570,3,-3---8-5-;--9------;86---52--;--1-4---5;2-8---6-3;9---2-1--;--47---18;------9--;-8-5---3-
571,3,-9-------;--1--74--;4-5--8-2-;-5--3---9;16-----43;7---2--5-;-3-7--6-4;--74--1--;-------9-
572,3,--9--36--;4--------;-65--1--8;5---7--4-;29-----76;-3--8---5;7--3--26-;--------4;--36--9--
573,3,-9-5--6-1;-------8-;6--2----4;--8-3--1-;-63---47-;-1--9-2--;4----6--2;-8-------;7-6--2-3-
574,3,--9-78--1;-7----52-;---14-7--;-63------;---4-9---;------67-;--7-26---;-28----6-;1--85-4--
575,3,-1--45--8;---27--6-;--2---75-;-26------;---3-1---;------29-;-47---6--;-6--18---;8--56--3-
576,3,-57--3--2;4--------;-6---7-3-;1---9-3--;7-2---6-5;--4-2---1;-7-3---6-;--------4;9--8--71-
577,3,--4-93--8;-5----37-;---57-1--;-15------;---6-4---;------25-;--1-48---;-79----1-;8--31-6--
578,3,-------9-;-5-6--2-8;6--2----4;--6-7--1-;-84---52-;-1--5-9--;4----6--2;1-2--3-7-;-9-------
579,3,--6------;-3---1-7-;72---59--;--2-8---6;3-4---7-8;1---9-2--;--81---47;-1-7---3-;------6--
580,3,--98---41;------5--;-8-1---3-;8---2-7--;3-4---1-9;--7-9---5;-3---8-1-;--5------;17---62--
581,3,--61--5--;-------2-;-8-3--9-6;2---4--9-;46-----75;-9--8---1;6-7--1-4-;-2-------;--5--61--
582,3,-3-5---4-;--18---93;------6--;6---7-9--;7-3---2-4;--9-1---5;--6------;32---57--;-4---3-5-
583,3,-9--37--2;---26--3-;--3---81-;-45------;---6-9---;------35-;-78---5--;-3--85---;2--71--6-
584,3,-6--28---;--836--4-;51------6;-------79;---4-2---;69-------;9------35;-2--138--;---95--6-
585,3,-64---1--;-1--87---;7--91--2-;------53-;---2-8---;-51------;-8--69--7;---54--1-;--5---49-
586,3,---49---5;--4---9-8;3---78-6-;4-5------;---1-3---;------4-2;-6-85---1;7-9---5--;5---36---
587,3,---29--6-;-1--54--8;--2---94-;-26------;---7-1---;------23-;-59---6--;8--46--7-;-6--18---
588,3,--351---4;6---98---;59-----8-;-------68;---4-2---;78-------;-6-----91;---34---6;2---653--
589,3,3---548--;-1-----64;---16---7;17-------;---9-3---;-------12;7---38---;56-----7-;--847---9
590,3,--9--57--;7-1--3-8-;-2-------;-1--4---2;96-----74;5---8--1-;-------2-;-4-5--6-7;--57--9--
591,3,--8------;-1---4-7-;79---63--;--9-5---8;1-2---7-5;4---3-9--;--54---27;-4-7---1-;------8--
592,3,-7--43---;91------7;--357--6-;-------28;---6-4---;78-------;-4--153--;8------59;---89--7-
593,3,--6---1-8;5---69-7-;---72---6;3-4------;---2-5---;------6-4;6---14---;-7-98---2;9-1---4--
594,3,-2--97--6;---61--9-;--9---54-;-83------;---1-2---;------93-;-75---3--;-9--53---;6--74--1-
595,3,---65-4--;4-----9-8;--3-47-6-;2-1------;---5-3---;------2-4;-6-79-5--;8-7-----2;--4-82---
596,4,--183----;965------;----1-9--;4------1-;--96-43--;-8------2;--7-9----;------548;----251--
597,4,------294;--8-3----;----625--;9------6-;--31-47--;-4------5;--597----;----5-3--;132------
598,4,13--8-7--;-8-6-----;-5---4---;4---5----;2-1---8-9;----6---3;---1---6-;-----9-4-;--8-2--31
599,4,-1---5---;89--7-2--;-7-4-----;5---1----;3-8---7-6;----4---9;-----6-5-;--7-3--98;---8---4-
600,4,--246----;985------;----2-9--;7------2-;--98-76--;-4------3;--1-9----;------574;----352--
601,4,----23-5-;------179;-1--5----;5-----8--;-2-8-9-1-;--4-----3;----1--6-;873------;-5-74----
602,4,52--8-1--;8--3-----;6----9---;-9--6----;-42---87-;----3--5-;---2----3;-----7--9;--8-4--25
603,4,-29-3---7;--1--8---;--35-----;-8--1----;26-----43;----5--9-;-----48--;---2--5--;3---6-92-
604,4,----1---6;597------;2--58----;-8----9--;4--7-3--1;--2----7-;----49--2;------315;1---2----
605,4,----5--9-;-5-68----;937------;2-----5--;-9-7-2-8-;--6-----4;------236;----43-5-;-1--9----
606,4,--47-----;-89-4---2;--1--6---;-6--1----;85-----34;----7--9-;---8--7--;4---5-98-;-----36--
607,4,----957--;--2-7----;------124;7------8-;--98-42--;-3------5;851------;----2-6--;--713----
608,4,2--38----;196------;----2---9;-7----2--;9--6-7--8;--3----5-;4---9----;------731;----51--2
609,4,----3-4--;465------;--387----;1------3-;--46-17--;-8------9;----953--;------518;--2-4----
610,4,------817;----934--;--1-4----;4------5-;--95-71--;-2------3;----1-6--;--482----;538------
611,4,---7----6;-----4--8;--1-5--79;----6--9-;-57---14-;-8--2----;97--1-3--;1--6-----;2----8---
612,4,--365----;276------;----4-1--;-5------7;--82-94--;3------2-;--4-3----;------649;----873--
613,4,897------;-5-16----;----5--7-;--3-----5;-7-8-3-6-;1-----4--;-2--7----;----49-5-;------193
614,4,-5---2---;-92-6---7;-8-4-----;--9-5----;7-4---6-2;----3-8--;-----5-7-;1---7-29-;---8---3-
615,4,649------;----2-1--;--895----;5------6-;--74-32--;-8------4;----768--;--2-8----;------932
616,4,-17-6---4;-9---5---;-6-2-----;--5-9----;7-3---8-6;----2-1--;-----8-5-;---7---2-;6---3-71-
617,4,-----7-3-;---1---8-;4---3-56-;----8-1--;3-2---9-5;--6-7----;-65-9---3;-7---5---;-1-2-----
618,4,8-3-4--5-;2--7-----;9----3---;--8-9----;-57---43-;----1-2--;---2----1;-----9--5;-6--5-3-8
619,4,527------;----3--5-;-3-64----;8-----3--;-5-7-8-4-;--6-----1;----12-3-;-9--5----;------826
620,4,---3--6--;-----82--;9---4-73-;----6--7-;34-----89;-2--5----;-37-9---1;--96-----;--5--2---
621,4,-7---9---;91--4-6--;-2-3-----;1---7----;3-6---9-4;----8---2;-----7-6-;--5-6--19;---2---8-
622,4,----1-2--;639------;--794----;4------6-;--83-51--;-7------3;----867--;------951;--1-7----
623,4,----53--1;------273;8---6----;-2----5--;6--4-7--9;--7----1-;----1---6;346------;1--29----
624,4,---1----6;-3--8-1-5;-----7--4;----6-5--;-18---73-;--4-2----;3--6-----;5-1-3--9-;2----4---
625,4,------526;----16--9;7---8----;--2----1-;8--4-5--3;-5----9--;----9---8;9--23----;684------
626,4,9--64----;----9---3;132------;-7----9--;3--2-7--4;--6----5-;------761;8---3----;----51--9
627,4,-4---7---;-6-8-----;91--6-3--;7---4----;5-9---6-2;----8---1;--6-5--19;-----2-7-;---9---8-
628,4,--4-6----;------732;----178--;-2------1;--65-39--;3------8-;--829----;657------;----8-6--
629,4,-6-3-----;42--6-5--;-9---8---;8---9----;1-4---6-7;----3---2;---4---3-;--6-1--24;-----7-8-
630,4,4---2-89-;-----72--;---3--6--;----6--3-;25-----19;-8--7----;--7--9---;--35-----;-98-1---2
631,4,689------;-3-84----;----1--2-;4-----6--;-5-9-7-1-;--3-----9;-1--3----;----56-3-;------781
632,4,----7--9-;359------;-7-84----;--1-----7;-9-3-1-4-;8-----6--;----65-7-;------851;-2--9----
633,4,--2-1--56;---5----7;-----9--3;----7--6-;-15---29-;-3--4----;2--7-----;4----3---;65--2-8--
634,4,-7-49----;----8--6-;345------;9-----3--;-2-5-1-8-;--7-----5;------148;-8--7----;----23-7-
635,4,------341;2---6----;----51--7;-3----5--;6--9-4--8;--4----7-;7--38----;----7---6;196------
636,4,----35-9-;-7--9----;------742;9-----6--;-3-6-2-7-;--8-----5;645------;----7--1-;-9-48----
637,4,--8--5---;-49-2---3;--21-----;-5--8----;46-----72;----1--9-;-----75--;2---6-94-;---4--1--
638,4,9---6-73-;---8---4-;-----1-6-;----4-8--;6-2---5-7;--3-1----;-8-2-----;-1---7---;-37-5---6
639,4,-6--2----;------619;----45-2-;2-----8--;-4-8-9-6-;--3-----5;-2-13----;815------;----6--7-
640,4,-----1-6-;--2-6--97;---3---4-;----4---3;5-6---7-8;9---1----;-1---7---;79--8-6--;-3-5-----
641,4,2----4---;63--1-5--;1--8-----;-4--2----;-93---17-;----8--6-;-----7--4;--1-9--36;---3----8
642,4,-----1--4;---2----7;--8-3--26;----7--6-;-32---81-;-4--9----;62--8-5--;9----4---;8--7-----
643,4,3-9-1--8-;6----5---;1--4-----;--5-6----;-97---21-;----4-3--;-----2--5;---9----4;-1--7-9-3
644,4,---2----9;-----5--8;--7-8--43;----9--2-;-68---41-;-3--5----;34--1-8--;2--6-----;5----4---
645,4,-8-79----;651------;----8--6-;3-----8--;-6-1-3-9-;--7-----2;-4--6----;------357;----25-8-
646,4,----7---2;1--94----;965------;-4----6--;8--5-3--7;--1----5-;------379;----86--1;7---1----
647,4,-----7-2-;--8-2--45;---3---6-;----6---3;9-2---5-1;4---7----;-7---5---;54--1-2--;-3-9-----
648,4,-76-5---2;-3-1-----;-8---6---;--7-8----;2-1---5-6;----9-3--;---3---9-;-----8-2-;4---2-67-
649,4,2---3-65-;-----17--;---5--9--;----9--6-;53-----12;-7--8----;--8--7---;--29-----;-56-2---4
650,4,--978----;----9-3--;534------;-1------9;--35-18--;7------6-;------471;--2-3----;----649--
651,4,-2---7---;-1-9-----;74--6-5--;4---2----;9-5---7-6;----8---1;--3-5--47;-----2-5-;---1---8-
652,4,-6-4-----;-8---2---;53--6-7--;2---8----;1-5---6-9;----4---3;--6-1--35;---5---4-;-----9-2-
653,4,----1---3;1--56----;234------;-8----1--;3--4-8--6;--5----9-;------852;----92--1;7---3----
654,4,-----2-3-;---7---6-;--9-3--48;----6---7;1-3---8-5;4---2----;84--5-3--;-2---8---;-7-1-----
655,4,----247--;--9-8----;------435;3------2-;--86-51--;-5------7;684------;----7-8--;--731----
656,4,---4--8--;-----32--;-1--2-9-5;----8---4;72-----56;9---3----;5-9-6--2-;--47-----;--3--5---
657,4,9--2-----;1----3---;48--9-6--;-3--1----;-78---95-;----2--4-;--9-7--84;---8----2;-----5--3
658,4,4--8-----;65--4-2--;1----3---;-3--1----;-75---49-;----8--6-;---5----8;--4-7--56;-----9--3
659,4,------754;----82-6-;-4--6----;--6-----3;-8-3-7-4-;9-----2--;----4--1-;-6-59----;253------
660,4,-16-3---8;--34-----;--2--7---;-7--2----;19-----53;----4--6-;---1--4--;-----57--;3---9-61-
661,4,-1--3----;------159;----72-3-;3-----6--;-7-6-9-1-;--4-----2;-3-54----;652------;----1--8-
662,4,856------;----4--8-;-4-29----;7-----4--;-8-6-7-9-;--2-----1;----15-4-;-3--8----;------752
663,4,---2----9;--5-8--26;-----3--4;----9--6-;-82---53-;-4--1----;5--9-----;62--5-7--;1----4---
664,4,8-4-5--2-;5--1-----;7----6---;--6-7----;-49---35-;----1-8--;---4----1;-----3--6;-5--9-4-8
665,4,------579;3---6----;----49--1;-5----4--;6--2-7--8;--7----1-;1--58----;----1---6;926------
666,4,8-6-1--4-;--5--7---;--12-----;7---5----;98-----13;----2---6;-----37--;---8--2--;-1--9-6-8
667,4,----839--;--7-9----;------472;9------1-;--81-27--;-6------3;134------;----7-5--;--946----
668,4,--63-----;--9--2---;-28-7---5;-8--9----;53-----72;----4--6-;1---5-82-;---6--4--;-----95--
669,4,28--7-4--;3--9-----;6----8---;-2--6----;-94---87-;----5--3-;---3----5;-----6--4;--1-4--82
670,4,-----65--;---8--1--;4---2-38-;----1--3-;82-----64;-5--7----;-83-4---9;--7--5---;--41-----
671,4,---1----8;-----7--4;--2-9--13;----8--3-;-91---27-;-4--5----;31--2-6--;2--8-----;5----4---
672,4,------167;--7-5----;----835--;-5------2;--82-67--;4------3-;--514----;----7-9--;321------
673,4,-3--4----;----82-4-;------693;--4-----7;-8-7-6-3-;5-----2--;297------;-4-95----;----3--1-
674,4,9-6-2--1-;5----6---;4--8-----;--9-5----;-18---26-;----7-4--;-----5--1;---4----7;-3--1-6-9
675,4,----7--8-;421------;-5-29----;9-----4--;-3-1-6-7-;--5-----1;----34-5-;------627;-7--5----
676,4,1--9-----;4-8-1--6-;2----7---;--7-2----;-85---31-;----9-4--;---8----9;-1--5-8-4;-----3--7
677,4,----5---2;5--89----;621------;-7----5--;2--1-7--9;--8----4-;------786;----46--5;3---2----
678,4,----4---9;2--81----;853------;-1----5--;6--3-7--4;--2----3-;------748;----65--2;4---2----
679,4,-----71--;3---1-69-;---2--5--;----5--2-;18-----49;-6--7----;--7--9---;-96-4---1;--28-----
680,4,---2--8--;-----71--;6---5-92-;----8--9-;25-----76;-1--4----;-29-6---3;--68-----;--4--1---
681,4,----6--8-;815------;-6-42----;9-----6--;-8-5-9-2-;--4-----3;----31-6-;------914;-7--8----
682,4,1-5-6--4-;6--8-----;9----3---;--3-9----;-52---76-;----8-1--;---5----8;-----7--3;-6--2-5-1
683,4,------365;-3--1----;----24-1-;1-----8--;-2-8-5-3-;--7-----4;-1-67----;----3--9-;864------
684,4,---9--4--;-----76--;1---5-39-;----4--3-;95-----71;-6--8----;-93-1---2;--14-----;--8--6---
685,4,----95-6-;-1--6----;------241;--6-----7;-9-7-2-1-;3-----5--;547------;----1--8-;-6-43----
686,4,-6--2-5-9;---7--1--;-----82--;----1---7;42-----93;5---8----;--74-----;--8--9---;9-5-3--2-
687,4,851------;----9--7-;-3-52----;2-----8--;-4-1-6-9-;--3-----1;----48-3-;-9--3----;------659
688,4,-6---9---;-2-5-----;48--2-1--;9---6----;3-4---2-7;----5---8;--2-3--84;-----7-9-;---4---5-
689,4,5--9-----;47--5-1--;8----3---;-3--8----;-27---56-;----9--4-;---7----9;--5-2--74;-----6--3
690,4,1---9-82-;---3---4-;-----5-9-;----4-3--;9-6---7-8;--2-5----;-3-6-----;-5---8---;-28-7---9
691,4,-3-1-----;-2---5---;56--4-7--;6---2----;1-7---5-4;----8---3;--9-7--65;---3---8-;-----2-7-
692,4,----429--;------275;--1-6----;-5------4;--63-78--;7------9-;----9-6--;632------;--958----
693,4,----9--3-;213------;-9-86----;--7-----9;-3-2-7-6-;8-----4--;----41-9-;------817;-5--3----
694,4,--95-----;-48-9---3;--7--6---;-6--7----;42-----19;----5--8-;---4--5--;9---2-84-;-----16--
695,4,----61--5;8---5----;------847;-5----9--;6--9-4--8;--3----1-;791------;----8---2;5--73----
696,4,-----2-8-;5---9-41-;---4---6-;----6-1--;4-9---2-5;--8-3----;-3---8---;-14-5---7;-5-6-----
697,4,--94-----;6-7-9--3-;--2--5---;5---2----;16-----98;----4---7;---6--4--;-9--1-7-6;-----85--
698,4,1---9-53-;-----8-9-;---6---7-;----7-6--;9-4---2-5;--3-8----;-8---5---;-6-4-----;-35-2---9
699,4,----8---1;561------;8--23----;--9----8-;1--6-9--3;-2----4--;----45--8;------295;7---1----
700,4,6-3-9--2-;7--1-----;8----3---;--6-8----;-21---93-;----4-7--;---7----4;-----8--2;-5--2-3-6
701,4,9--1-----;8-4-9--7-;6----2---;--2-6----;-45---39-;----1-8--;---4----1;-9--5-4-8;-----3--2
702,4,----95--2;3---2----;------438;--2----7-;9--7-4--3;-6----5--;857------;----3---1;2--86----
703,4,236------;5--14----;----5---3;-9----5--;3--6-9--4;--1----8-;7---3----;----82--5;------912
704,4,----7---8;356------;1--39----;-9----5--;4--6-2--7;--1----6-;----45--1;------273;7---1----
705,4,-1--3-9-5;---5--8--;-----74--;----8---9;35-----17;4---6----;--18-----;--6--4---;5-9-1--2-
706,4,----8---9;7--24----;253------;--4----3-;1--5-6--8;-7----5--;------862;----13--7;8---7----
707,4,------892;----183--;--7-4----;-2------1;--45-96--;9------3-;----3-4--;--326----;458------
708,4,1---4-58-;-----9-6-;---5---3-;----3-8--;5-4---9-1;--6-7----;-7---6---;-1-3-----;-85-1---2
709,4,--6-1--45;---9---8-;-----7-1-;----8---9;2-1---5-3;4---7----;-9-2-----;-7---5---;54--3-1--
710,4,-3-1-----;-95-2---8;-4---5---;--9-4----;8-1---2-5;----6-3--;---3---6-;7---8-59-;-----4-8-
711,4,98--1-2--;7----4---;1--5-----;-4--7----;-38---16-;----5--9-;-----6--4;---8----5;--1-3--89
712,4,--8-9----;----259--;------438;-9------6;--26-38--;7------5-;564------;--947----;----8-1--
713,4,-----3--9;---7----8;--6-1--72;----8--2-;-17---63-;-9--5----;27--6-4--;5----9---;6--8-----
714,4,---4---1-;2---9-57-;-----8-9-;----1-4--;9-3---6-5;--7-8----;-4-3-----;-75-6---9;-8---5---
715,4,-3---8---;82--9-6--;-5-1-----;2---3----;1-6---8-9;----7---5;-----3-6-;--4-6--28;---5---7-
716,4,725------;----3--9-;-4-28----;--8-----5;-1-7-6-3-;4-----7--;----15-4-;-3--4----;------326
717,4,-----63--;7---8-42-;---2--5--;----5--4-;28-----67;-3--1----;--1--3---;-24-7---9;--75-----
718,4,------185;--7-3----;----214--;8------2-;--39-56--;-5------4;--486----;----4-3--;931------
719,4,-----3--6;---7----9;--4-6--82;----9--7-;-16---85-;-2--3----;28--5-6--;3----8---;7--1-----
720,4,7---4-89-;---8---6-;-----5-3-;----6-9--;8-4---5-7;--3-2----;-7-6-----;-2---3---;-98-7---1
721,4,---1--3--;5---8-94-;-----68--;----3--1-;87-----24;-9--6----;--17-----;-49-2---8;--6--4---
722,4,-5--1-4-6;---9--7--;-----21--;----7---9;31-----68;4---2----;--93-----;--2--6---;6-4-8--1-
723,4,5--7-----;3----4---;86--5-1--;-4--3----;-96---52-;----7--8-;--5-9--68;---6----7;-----2--4
724,4,-7-29----;413------;----7--3-;--5-----7;-3-4-5-9-;2-----6--;-8--3----;------215;----61-7-
725,4,--682----;----9-5--;478------;-2------7;--34-19--;6------4-;------891;--9-6----;----376--
726,4,-----3-6-;---7---5-;--8-9--47;----5---4;9-7---8-3;6---2----;74--8-1--;-2---6---;-8-5-----
727,4,-1-85----;987------;----2--3-;--5-----7;-6-9-4-2-;1-----9--;-2--1----;------284;----67-1-
728,4,8----2---;4--6-----;92--7-3--;-9--8----;-63---27-;----5--4-;--1-3--29;-----8--3;---4----5
729,4,---3---8-;2---5-76-;-----4-5-;----8-3--;5-1---9-7;--6-4----;-3-1-----;-67-9---5;-4---7---
730,4,-3-8-----;-4---1---;-51-2---6;--5-4----;6-8---2-1;----9-3--;7---6-15-;---3---9-;-----4-6-
731,4,-62-3---9;--4--5---;--37-----;-5--4----;68-----13;----7--2-;-----15--;---6--7--;3---8-26-
732,4,-63-8---9;-8-2-----;-7---4---;--4-7----;3-1---5-8;----2-6--;---3---2-;-----5-4-;8---1-36-
733,4,--389----;----3-4--;642------;-1------3;--46-19--;8------5-;------281;--7-4----;----523--
734,4,7---6----;----45--6;------278;--6----1-;4--1-2--7;-9----5--;851------;6--89----;----7---3
735,4,------738;--3-1----;----241--;1------6-;--26-83--;-5------4;--175----;----3-9--;647------
736,4,----2-8--;976------;--564----;4------9-;--17-32--;-5------7;----195--;------632;--2-5----
737,4,----3-4--;--682----;598------;-2------9;--75-13--;6------5-;------831;----796--;--3-6----
738,4,----83-6-;-5--7----;------139;--9-----8;-7-4-1-2-;1-----6--;734------;----6--7-;-6-92----
739,4,-7-81----;685------;----2--4-;1-----6--;-9-5-3-2-;--7-----5;-2--7----;------382;----96-7-
740,4,1---3-27-;-----63--;---9--4--;----4--9-;35-----87;-2--6----;--6--7---;--95-----;-72-8---3
741,4,---1---5-;9---6-78-;-----2-6-;----5-1--;6-4---3-7;--8-2----;-1-4-----;-87-3---6;-2---7---
742,4,2---7----;------423;----69--7;--7----1-;6--1-4--2;-8----9--;7--38----;391------;----2---5
743,4,327------;--615----;----6-3--;8------6-;--32-85--;-1------4;--9-3----;----476--;------781
744,4,--952----;----9-8--;186------;-4------9;--81-42--;5------3-;------654;--7-8----;----369--
745,4,----4---1;651------;4--83----;--9----4-;1--5-9--3;-8----2--;----26--4;------896;7---1----